qubo_file,instance_id,instance_type,qubo_vars,emb_time,emb_success,emb_file
./instances/QUBO/TSP191_144_13_eil101.qubo.json,TSP191,TSP,144,110.724810600281,True,./run_logs/dwave/embeddings/TSP191.emb.json
./instances/QUBO/TSP113_144_13_brazil58.qubo.json,TSP113,TSP,144,88.2770884037018,True,./run_logs/dwave/embeddings/TSP113.emb.json
./instances/QUBO/TSP174_64_9_rat575.qubo.json,TSP174,TSP,64,13.0146286487579,True,./run_logs/dwave/embeddings/TSP174.emb.json
./instances/QUBO/TSP128_196_15_pr299.qubo.json,TSP128,TSP,196,176.063871622086,True,./run_logs/dwave/embeddings/TSP128.emb.json
./instances/QUBO/TSP99_121_12_kroA100.qubo.json,TSP99,TSP,121,59.3782680034637,True,./run_logs/dwave/embeddings/TSP99.emb.json
./instances/QUBO/TSP109_64_9_brazil58.qubo.json,TSP109,TSP,64,10.2956931591034,True,./run_logs/dwave/embeddings/TSP109.emb.json
./instances/QUBO/TSP12_225_16_pr107.qubo.json,TSP12,TSP,225,1005.86681818962,False,./run_logs/dwave/embeddings/TSP12.emb.json
./instances/QUBO/TSP131_16_5_kroB100.qubo.json,TSP131,TSP,16,0.175678014755249,True,./run_logs/dwave/embeddings/TSP131.emb.json
./instances/QUBO/TSP144_16_5_hk48.qubo.json,TSP144,TSP,16,0.180441617965698,True,./run_logs/dwave/embeddings/TSP144.emb.json
./instances/QUBO/TSP110_81_10_brazil58.qubo.json,TSP110,TSP,81,20.8124928474426,True,./run_logs/dwave/embeddings/TSP110.emb.json
./instances/QUBO/TSP19_81_10_swiss42.qubo.json,TSP19,TSP,81,27.3068010807037,True,./run_logs/dwave/embeddings/TSP19.emb.json
./instances/QUBO/TSP149_81_10_hk48.qubo.json,TSP149,TSP,81,11.0125250816345,True,./run_logs/dwave/embeddings/TSP149.emb.json
./instances/QUBO/TSP104_256_17_kroA100.qubo.json,TSP104,TSP,256,1008.94855833054,False,./run_logs/dwave/embeddings/TSP104.emb.json
./instances/QUBO/TSP5_64_9_pr107.qubo.json,TSP5,TSP,64,9.52383828163147,True,./run_logs/dwave/embeddings/TSP5.emb.json
./instances/QUBO/TSP82_49_8_att48.qubo.json,TSP82,TSP,49,5.89148092269897,True,./run_logs/dwave/embeddings/TSP82.emb.json
./instances/QUBO/TSP134_49_8_kroB100.qubo.json,TSP134,TSP,49,6.8771824836731,True,./run_logs/dwave/embeddings/TSP134.emb.json
./instances/QUBO/TSP146_36_7_hk48.qubo.json,TSP146,TSP,36,2.50830411911011,True,./run_logs/dwave/embeddings/TSP146.emb.json
./instances/QUBO/TSP53_16_5_pa561.tsp.qubo.json,TSP53,TSP,16,0.150058269500732,True,./run_logs/dwave/embeddings/TSP53.emb.json
./instances/QUBO/TSP171_25_6_rat575.qubo.json,TSP171,TSP,25,1.20887207984924,True,./run_logs/dwave/embeddings/TSP171.emb.json
./instances/QUBO/TSP25_225_16_swiss42.qubo.json,TSP25,TSP,225,1007.79533147812,False,./run_logs/dwave/embeddings/TSP25.emb.json
./instances/QUBO/TSP130_256_17_pr299.qubo.json,TSP130,TSP,256,1008.51724410057,False,./run_logs/dwave/embeddings/TSP130.emb.json
./instances/QUBO/TSP94_36_7_kroA100.qubo.json,TSP94,TSP,36,2.7040319442749,True,./run_logs/dwave/embeddings/TSP94.emb.json
./instances/QUBO/TSP76_196_15_tsp225.qubo.json,TSP76,TSP,196,174.611623764038,True,./run_logs/dwave/embeddings/TSP76.emb.json
./instances/QUBO/TSP59_100_11_pa561.tsp.qubo.json,TSP59,TSP,100,28.4912931919098,True,./run_logs/dwave/embeddings/TSP59.emb.json
./instances/QUBO/TSP195_256_17_eil101.qubo.json,TSP195,TSP,256,1009.48965001106,False,./run_logs/dwave/embeddings/TSP195.emb.json
./instances/QUBO/TSP157_16_5_kroC100.qubo.json,TSP157,TSP,16,0.136871814727783,True,./run_logs/dwave/embeddings/TSP157.emb.json
./instances/QUBO/TSP74_144_13_tsp225.qubo.json,TSP74,TSP,144,69.3928430080414,True,./run_logs/dwave/embeddings/TSP74.emb.json
./instances/QUBO/TSP60_121_12_pa561.tsp.qubo.json,TSP60,TSP,121,58.6938581466675,True,./run_logs/dwave/embeddings/TSP60.emb.json
./instances/QUBO/TSP44_64_9_lin105.qubo.json,TSP44,TSP,64,10.2714505195618,True,./run_logs/dwave/embeddings/TSP44.emb.json
./instances/QUBO/TSP32_81_10_gr666.qubo.json,TSP32,TSP,81,18.3503706455231,True,./run_logs/dwave/embeddings/TSP32.emb.json
./instances/QUBO/TSP48_144_13_lin105.qubo.json,TSP48,TSP,144,96.9629282951355,True,./run_logs/dwave/embeddings/TSP48.emb.json
./instances/QUBO/TSP30_49_8_gr666.qubo.json,TSP30,TSP,49,4.05548024177551,True,./run_logs/dwave/embeddings/TSP30.emb.json
./instances/QUBO/TSP186_49_8_eil101.qubo.json,TSP186,TSP,49,5.84639596939087,True,./run_logs/dwave/embeddings/TSP186.emb.json
./instances/QUBO/TSP107_36_7_brazil58.qubo.json,TSP107,TSP,36,0.859928369522095,True,./run_logs/dwave/embeddings/TSP107.emb.json
./instances/QUBO/TSP13_256_17_pr107.qubo.json,TSP13,TSP,256,1007.62414717674,False,./run_logs/dwave/embeddings/TSP13.emb.json
./instances/QUBO/TSP177_121_12_rat575.qubo.json,TSP177,TSP,121,56.13299036026,True,./run_logs/dwave/embeddings/TSP177.emb.json
./instances/QUBO/TSP183_16_5_eil101.qubo.json,TSP183,TSP,16,0.264884233474731,True,./run_logs/dwave/embeddings/TSP183.emb.json
./instances/QUBO/TSP172_36_7_rat575.qubo.json,TSP172,TSP,36,1.64776396751404,True,./run_logs/dwave/embeddings/TSP172.emb.json
./instances/QUBO/TSP37_196_15_gr666.qubo.json,TSP37,TSP,196,153.383847475052,True,./run_logs/dwave/embeddings/TSP37.emb.json
./instances/QUBO/TSP102_196_15_kroA100.qubo.json,TSP102,TSP,196,163.575846195221,True,./run_logs/dwave/embeddings/TSP102.emb.json
./instances/QUBO/TSP83_64_9_att48.qubo.json,TSP83,TSP,64,11.0048043727875,True,./run_logs/dwave/embeddings/TSP83.emb.json
./instances/QUBO/TSP11_196_15_pr107.qubo.json,TSP11,TSP,196,152.511196374893,True,./run_logs/dwave/embeddings/TSP11.emb.json
./instances/QUBO/TSP52_256_17_lin105.qubo.json,TSP52,TSP,256,1011.53045797348,False,./run_logs/dwave/embeddings/TSP52.emb.json
./instances/QUBO/TSP163_100_11_kroC100.qubo.json,TSP163,TSP,100,44.5292012691498,True,./run_logs/dwave/embeddings/TSP163.emb.json
./instances/QUBO/TSP8_121_12_pr107.qubo.json,TSP8,TSP,121,65.7410378456116,True,./run_logs/dwave/embeddings/TSP8.emb.json
./instances/QUBO/TSP34_121_12_gr666.qubo.json,TSP34,TSP,121,48.0904433727264,True,./run_logs/dwave/embeddings/TSP34.emb.json
./instances/QUBO/TSP2_25_6_pr107.qubo.json,TSP2,TSP,25,0.821840286254883,True,./run_logs/dwave/embeddings/TSP2.emb.json
./instances/QUBO/TSP182_256_17_rat575.qubo.json,TSP182,TSP,256,1011.33593392372,False,./run_logs/dwave/embeddings/TSP182.emb.json
./instances/QUBO/TSP137_100_11_kroB100.qubo.json,TSP137,TSP,100,33.6963346004486,True,./run_logs/dwave/embeddings/TSP137.emb.json
./instances/QUBO/TSP61_144_13_pa561.tsp.qubo.json,TSP61,TSP,144,154.486059904099,True,./run_logs/dwave/embeddings/TSP61.emb.json
./instances/QUBO/TSP84_81_10_att48.qubo.json,TSP84,TSP,81,18.7674026489258,True,./run_logs/dwave/embeddings/TSP84.emb.json
./instances/QUBO/TSP141_196_15_kroB100.qubo.json,TSP141,TSP,196,138.293056249619,True,./run_logs/dwave/embeddings/TSP141.emb.json
./instances/QUBO/TSP88_169_14_att48.qubo.json,TSP88,TSP,169,148.203373908997,True,./run_logs/dwave/embeddings/TSP88.emb.json
./instances/QUBO/TSP151_121_12_hk48.qubo.json,TSP151,TSP,121,85.5583217144013,True,./run_logs/dwave/embeddings/TSP151.emb.json
./instances/QUBO/TSP132_25_6_kroB100.qubo.json,TSP132,TSP,25,1.04457306861877,True,./run_logs/dwave/embeddings/TSP132.emb.json
./instances/QUBO/TSP33_100_11_gr666.qubo.json,TSP33,TSP,100,34.0165383815765,True,./run_logs/dwave/embeddings/TSP33.emb.json
./instances/QUBO/TSP21_121_12_swiss42.qubo.json,TSP21,TSP,121,40.258861541748,True,./run_logs/dwave/embeddings/TSP21.emb.json
./instances/QUBO/TSP160_49_8_kroC100.qubo.json,TSP160,TSP,49,3.9549298286438,True,./run_logs/dwave/embeddings/TSP160.emb.json
./instances/QUBO/TSP20_100_11_swiss42.qubo.json,TSP20,TSP,100,50.6861069202423,True,./run_logs/dwave/embeddings/TSP20.emb.json
./instances/QUBO/TSP47_121_12_lin105.qubo.json,TSP47,TSP,121,109.708943605423,True,./run_logs/dwave/embeddings/TSP47.emb.json
./instances/QUBO/TSP72_100_11_tsp225.qubo.json,TSP72,TSP,100,62.051632642746,True,./run_logs/dwave/embeddings/TSP72.emb.json
./instances/QUBO/TSP187_64_9_eil101.qubo.json,TSP187,TSP,64,9.45938968658447,True,./run_logs/dwave/embeddings/TSP187.emb.json
./instances/QUBO/TSP46_100_11_lin105.qubo.json,TSP46,TSP,100,55.4797503948212,True,./run_logs/dwave/embeddings/TSP46.emb.json
./instances/QUBO/TSP45_81_10_lin105.qubo.json,TSP45,TSP,81,22.8460144996643,True,./run_logs/dwave/embeddings/TSP45.emb.json
./instances/QUBO/TSP101_169_14_kroA100.qubo.json,TSP101,TSP,169,114.816003799438,True,./run_logs/dwave/embeddings/TSP101.emb.json
./instances/QUBO/TSP92_16_5_kroA100.qubo.json,TSP92,TSP,16,0.229720830917358,True,./run_logs/dwave/embeddings/TSP92.emb.json
./instances/QUBO/TSP126_144_13_pr299.qubo.json,TSP126,TSP,144,154.821525096893,True,./run_logs/dwave/embeddings/TSP126.emb.json
./instances/QUBO/TSP87_144_13_att48.qubo.json,TSP87,TSP,144,166.703505277634,True,./run_logs/dwave/embeddings/TSP87.emb.json
./instances/QUBO/TSP154_196_15_hk48.qubo.json,TSP154,TSP,196,178.088132858276,True,./run_logs/dwave/embeddings/TSP154.emb.json
./instances/QUBO/TSP54_25_6_pa561.tsp.qubo.json,TSP54,TSP,25,0.82455587387085,True,./run_logs/dwave/embeddings/TSP54.emb.json
./instances/QUBO/TSP181_225_16_rat575.qubo.json,TSP181,TSP,225,1011.77047467232,False,./run_logs/dwave/embeddings/TSP181.emb.json
./instances/QUBO/TSP3_36_7_pr107.qubo.json,TSP3,TSP,36,3.11220240592957,True,./run_logs/dwave/embeddings/TSP3.emb.json
./instances/QUBO/TSP169_256_17_kroC100.qubo.json,TSP169,TSP,256,1007.79592728615,False,./run_logs/dwave/embeddings/TSP169.emb.json
./instances/QUBO/TSP120_36_7_pr299.qubo.json,TSP120,TSP,36,1.38522529602051,True,./run_logs/dwave/embeddings/TSP120.emb.json
./instances/QUBO/TSP185_36_7_eil101.qubo.json,TSP185,TSP,36,2.6626763343811,True,./run_logs/dwave/embeddings/TSP185.emb.json
./instances/QUBO/TSP16_36_7_swiss42.qubo.json,TSP16,TSP,36,1.78010535240173,True,./run_logs/dwave/embeddings/TSP16.emb.json
./instances/QUBO/TSP168_225_16_kroC100.qubo.json,TSP168,TSP,225,1007.02775979042,False,./run_logs/dwave/embeddings/TSP168.emb.json
./instances/QUBO/TSP27_16_5_gr666.qubo.json,TSP27,TSP,16,0.23237419128418,True,./run_logs/dwave/embeddings/TSP27.emb.json
./instances/QUBO/TSP73_121_12_tsp225.qubo.json,TSP73,TSP,121,82.3477804660797,True,./run_logs/dwave/embeddings/TSP73.emb.json
./instances/QUBO/TSP192_169_14_eil101.qubo.json,TSP192,TSP,169,98.2836303710937,True,./run_logs/dwave/embeddings/TSP192.emb.json
./instances/QUBO/TSP114_169_14_brazil58.qubo.json,TSP114,TSP,169,92.8700642585754,True,./run_logs/dwave/embeddings/TSP114.emb.json
./instances/QUBO/TSP156_256_17_hk48.qubo.json,TSP156,TSP,256,1007.57922577858,False,./run_logs/dwave/embeddings/TSP156.emb.json
./instances/QUBO/TSP9_144_13_pr107.qubo.json,TSP9,TSP,144,54.76313829422,True,./run_logs/dwave/embeddings/TSP9.emb.json
./instances/QUBO/TSP106_25_6_brazil58.qubo.json,TSP106,TSP,25,0.554402589797974,True,./run_logs/dwave/embeddings/TSP106.emb.json
./instances/QUBO/TSP67_25_6_tsp225.qubo.json,TSP67,TSP,25,0.551202058792114,True,./run_logs/dwave/embeddings/TSP67.emb.json
./instances/QUBO/TSP170_16_5_rat575.qubo.json,TSP170,TSP,16,0.188652038574219,True,./run_logs/dwave/embeddings/TSP170.emb.json
./instances/QUBO/TSP180_196_15_rat575.qubo.json,TSP180,TSP,196,214.192260503769,True,./run_logs/dwave/embeddings/TSP180.emb.json
./instances/QUBO/TSP147_49_8_hk48.qubo.json,TSP147,TSP,49,3.75179147720337,True,./run_logs/dwave/embeddings/TSP147.emb.json
./instances/QUBO/TSP159_36_7_kroC100.qubo.json,TSP159,TSP,36,1.45145153999329,True,./run_logs/dwave/embeddings/TSP159.emb.json
./instances/QUBO/TSP10_169_14_pr107.qubo.json,TSP10,TSP,169,79.5137324333191,True,./run_logs/dwave/embeddings/TSP10.emb.json
./instances/QUBO/TSP93_25_6_kroA100.qubo.json,TSP93,TSP,25,0.49468994140625,True,./run_logs/dwave/embeddings/TSP93.emb.json
./instances/QUBO/TSP129_225_16_pr299.qubo.json,TSP129,TSP,225,1006.55137372017,False,./run_logs/dwave/embeddings/TSP129.emb.json
./instances/QUBO/TSP173_49_8_rat575.qubo.json,TSP173,TSP,49,3.9396665096283,True,./run_logs/dwave/embeddings/TSP173.emb.json
./instances/QUBO/TSP7_100_11_pr107.qubo.json,TSP7,TSP,100,32.6425626277924,True,./run_logs/dwave/embeddings/TSP7.emb.json
./instances/QUBO/TSP50_196_15_lin105.qubo.json,TSP50,TSP,196,161.724596977234,True,./run_logs/dwave/embeddings/TSP50.emb.json
./instances/QUBO/TSP162_81_10_kroC100.qubo.json,TSP162,TSP,81,14.2490298748016,True,./run_logs/dwave/embeddings/TSP162.emb.json
./instances/QUBO/TSP194_225_16_eil101.qubo.json,TSP194,TSP,225,1004.81248402596,False,./run_logs/dwave/embeddings/TSP194.emb.json
./instances/QUBO/TSP133_36_7_kroB100.qubo.json,TSP133,TSP,36,3.34703230857849,True,./run_logs/dwave/embeddings/TSP133.emb.json
./instances/QUBO/TSP135_64_9_kroB100.qubo.json,TSP135,TSP,64,12.0102210044861,True,./run_logs/dwave/embeddings/TSP135.emb.json
./instances/QUBO/TSP64_225_16_pa561.tsp.qubo.json,TSP64,TSP,225,1004.99650812149,False,./run_logs/dwave/embeddings/TSP64.emb.json
./instances/QUBO/TSP142_225_16_kroB100.qubo.json,TSP142,TSP,225,1004.7761054039,False,./run_logs/dwave/embeddings/TSP142.emb.json
./instances/QUBO/TSP42_36_7_lin105.qubo.json,TSP42,TSP,36,1.52559781074524,True,./run_logs/dwave/embeddings/TSP42.emb.json
./instances/QUBO/TSP70_64_9_tsp225.qubo.json,TSP70,TSP,64,10.5577626228333,True,./run_logs/dwave/embeddings/TSP70.emb.json
./instances/QUBO/TSP112_121_12_brazil58.qubo.json,TSP112,TSP,121,82.5669431686401,True,./run_logs/dwave/embeddings/TSP112.emb.json
./instances/QUBO/TSP96_64_9_kroA100.qubo.json,TSP96,TSP,64,18.6948280334473,True,./run_logs/dwave/embeddings/TSP96.emb.json
./instances/QUBO/TSP40_16_5_lin105.qubo.json,TSP40,TSP,16,0.267578840255737,True,./run_logs/dwave/embeddings/TSP40.emb.json
./instances/QUBO/TSP190_121_12_eil101.qubo.json,TSP190,TSP,121,58.7527098655701,True,./run_logs/dwave/embeddings/TSP190.emb.json
./instances/QUBO/TSP184_25_6_eil101.qubo.json,TSP184,TSP,25,0.680187702178955,True,./run_logs/dwave/embeddings/TSP184.emb.json
./instances/QUBO/TSP75_169_14_tsp225.qubo.json,TSP75,TSP,169,89.2123684883118,True,./run_logs/dwave/embeddings/TSP75.emb.json
./instances/QUBO/TSP103_225_16_kroA100.qubo.json,TSP103,TSP,225,1010.96408438683,False,./run_logs/dwave/embeddings/TSP103.emb.json
./instances/QUBO/TSP62_169_14_pa561.tsp.qubo.json,TSP62,TSP,169,120.807598352432,True,./run_logs/dwave/embeddings/TSP62.emb.json
./instances/QUBO/TSP176_100_11_rat575.qubo.json,TSP176,TSP,100,53.5787453651428,True,./run_logs/dwave/embeddings/TSP176.emb.json
./instances/QUBO/TSP98_100_11_kroA100.qubo.json,TSP98,TSP,100,52.0061912536621,True,./run_logs/dwave/embeddings/TSP98.emb.json
./instances/QUBO/TSP89_196_15_att48.qubo.json,TSP89,TSP,196,150.262779712677,True,./run_logs/dwave/embeddings/TSP89.emb.json
./instances/QUBO/TSP118_16_5_pr299.qubo.json,TSP118,TSP,16,0.170817375183105,True,./run_logs/dwave/embeddings/TSP118.emb.json
./instances/QUBO/TSP138_121_12_kroB100.qubo.json,TSP138,TSP,121,76.3831324577332,True,./run_logs/dwave/embeddings/TSP138.emb.json
./instances/QUBO/TSP127_169_14_pr299.qubo.json,TSP127,TSP,169,125.378469705582,True,./run_logs/dwave/embeddings/TSP127.emb.json
./instances/QUBO/TSP43_49_8_lin105.qubo.json,TSP43,TSP,49,3.54405641555786,True,./run_logs/dwave/embeddings/TSP43.emb.json
./instances/QUBO/TSP85_100_11_att48.qubo.json,TSP85,TSP,100,48.9587740898132,True,./run_logs/dwave/embeddings/TSP85.emb.json
./instances/QUBO/TSP150_100_11_hk48.qubo.json,TSP150,TSP,100,53.8429484367371,True,./run_logs/dwave/embeddings/TSP150.emb.json
./instances/QUBO/TSP78_256_17_tsp225.qubo.json,TSP78,TSP,256,1007.12159776688,False,./run_logs/dwave/embeddings/TSP78.emb.json
./instances/QUBO/TSP148_64_9_hk48.qubo.json,TSP148,TSP,64,13.9047706127167,True,./run_logs/dwave/embeddings/TSP148.emb.json
./instances/QUBO/TSP68_36_7_tsp225.qubo.json,TSP68,TSP,36,1.37848496437073,True,./run_logs/dwave/embeddings/TSP68.emb.json
./instances/QUBO/TSP189_100_11_eil101.qubo.json,TSP189,TSP,100,32.1785435676575,True,./run_logs/dwave/embeddings/TSP189.emb.json
./instances/QUBO/TSP152_144_13_hk48.qubo.json,TSP152,TSP,144,66.3619730472565,True,./run_logs/dwave/embeddings/TSP152.emb.json
./instances/QUBO/TSP158_25_6_kroC100.qubo.json,TSP158,TSP,25,1.20907115936279,True,./run_logs/dwave/embeddings/TSP158.emb.json
./instances/QUBO/TSP29_36_7_gr666.qubo.json,TSP29,TSP,36,1.91241526603699,True,./run_logs/dwave/embeddings/TSP29.emb.json
./instances/QUBO/TSP51_225_16_lin105.qubo.json,TSP51,TSP,225,1006.47240376472,False,./run_logs/dwave/embeddings/TSP51.emb.json
./instances/QUBO/TSP55_36_7_pa561.tsp.qubo.json,TSP55,TSP,36,3.87537050247192,True,./run_logs/dwave/embeddings/TSP55.emb.json
./instances/QUBO/TSP4_49_8_pr107.qubo.json,TSP4,TSP,49,10.0536382198334,True,./run_logs/dwave/embeddings/TSP4.emb.json
./instances/QUBO/TSP65_256_17_pa561.tsp.qubo.json,TSP65,TSP,256,1007.00246500969,False,./run_logs/dwave/embeddings/TSP65.emb.json
./instances/QUBO/TSP136_81_10_kroB100.qubo.json,TSP136,TSP,81,12.6219372749329,True,./run_logs/dwave/embeddings/TSP136.emb.json
./instances/QUBO/TSP24_196_15_swiss42.qubo.json,TSP24,TSP,196,280.84022974968,True,./run_logs/dwave/embeddings/TSP24.emb.json
./instances/QUBO/TSP164_121_12_kroC100.qubo.json,TSP164,TSP,121,101.88223528862,True,./run_logs/dwave/embeddings/TSP164.emb.json
./instances/QUBO/TSP36_169_14_gr666.qubo.json,TSP36,TSP,169,73.9813084602356,True,./run_logs/dwave/embeddings/TSP36.emb.json
./instances/QUBO/TSP193_196_15_eil101.qubo.json,TSP193,TSP,196,131.254353046417,True,./run_logs/dwave/embeddings/TSP193.emb.json
./instances/QUBO/TSP139_144_13_kroB100.qubo.json,TSP139,TSP,144,66.750018119812,True,./run_logs/dwave/embeddings/TSP139.emb.json
./instances/QUBO/TSP56_49_8_pa561.tsp.qubo.json,TSP56,TSP,49,7.7885365486145,True,./run_logs/dwave/embeddings/TSP56.emb.json
./instances/QUBO/TSP95_49_8_kroA100.qubo.json,TSP95,TSP,49,10.4484934806824,True,./run_logs/dwave/embeddings/TSP95.emb.json
./instances/QUBO/TSP140_169_14_kroB100.qubo.json,TSP140,TSP,169,82.879109621048,True,./run_logs/dwave/embeddings/TSP140.emb.json
./instances/QUBO/TSP38_225_16_gr666.qubo.json,TSP38,TSP,225,1010.8037173748,False,./run_logs/dwave/embeddings/TSP38.emb.json
./instances/QUBO/TSP117_256_17_brazil58.qubo.json,TSP117,TSP,256,1009.12074828148,False,./run_logs/dwave/embeddings/TSP117.emb.json
./instances/QUBO/TSP58_81_10_pa561.tsp.qubo.json,TSP58,TSP,81,44.902318239212,True,./run_logs/dwave/embeddings/TSP58.emb.json
./instances/QUBO/TSP49_169_14_lin105.qubo.json,TSP49,TSP,169,110.729790210724,True,./run_logs/dwave/embeddings/TSP49.emb.json
./instances/QUBO/TSP86_121_12_att48.qubo.json,TSP86,TSP,121,58.0115003585815,True,./run_logs/dwave/embeddings/TSP86.emb.json
./instances/QUBO/TSP100_144_13_kroA100.qubo.json,TSP100,TSP,144,163.571893215179,True,./run_logs/dwave/embeddings/TSP100.emb.json
./instances/QUBO/TSP97_81_10_kroA100.qubo.json,TSP97,TSP,81,27.5346896648407,True,./run_logs/dwave/embeddings/TSP97.emb.json
./instances/QUBO/TSP124_100_11_pr299.qubo.json,TSP124,TSP,100,58.859739780426,True,./run_logs/dwave/embeddings/TSP124.emb.json
./instances/QUBO/TSP71_81_10_tsp225.qubo.json,TSP71,TSP,81,10.8043560981751,True,./run_logs/dwave/embeddings/TSP71.emb.json
./instances/QUBO/TSP57_64_9_pa561.tsp.qubo.json,TSP57,TSP,64,18.6256484985352,True,./run_logs/dwave/embeddings/TSP57.emb.json
./instances/QUBO/TSP81_36_7_att48.qubo.json,TSP81,TSP,36,2.54750204086304,True,./run_logs/dwave/embeddings/TSP81.emb.json
./instances/QUBO/TSP1_16_5_pr107.qubo.json,TSP1,TSP,16,0.212775945663452,True,./run_logs/dwave/embeddings/TSP1.emb.json
./instances/QUBO/TSP31_64_9_gr666.qubo.json,TSP31,TSP,64,12.8089373111725,True,./run_logs/dwave/embeddings/TSP31.emb.json
./instances/QUBO/TSP15_25_6_swiss42.qubo.json,TSP15,TSP,25,0.657976865768433,True,./run_logs/dwave/embeddings/TSP15.emb.json
./instances/QUBO/TSP166_169_14_kroC100.qubo.json,TSP166,TSP,169,106.955227136612,True,./run_logs/dwave/embeddings/TSP166.emb.json
./instances/QUBO/TSP105_16_5_brazil58.qubo.json,TSP105,TSP,16,0.321954727172852,True,./run_logs/dwave/embeddings/TSP105.emb.json
./instances/QUBO/TSP69_49_8_tsp225.qubo.json,TSP69,TSP,49,8.16589331626892,True,./run_logs/dwave/embeddings/TSP69.emb.json
./instances/QUBO/TSP108_49_8_brazil58.qubo.json,TSP108,TSP,49,4.41268277168274,True,./run_logs/dwave/embeddings/TSP108.emb.json
./instances/QUBO/TSP116_225_16_brazil58.qubo.json,TSP116,TSP,225,1012.10869717598,False,./run_logs/dwave/embeddings/TSP116.emb.json
./instances/QUBO/TSP41_25_6_lin105.qubo.json,TSP41,TSP,25,1.43404078483582,True,./run_logs/dwave/embeddings/TSP41.emb.json
./instances/QUBO/TSP39_256_17_gr666.qubo.json,TSP39,TSP,256,1006.56500649452,False,./run_logs/dwave/embeddings/TSP39.emb.json
./instances/QUBO/TSP167_196_15_kroC100.qubo.json,TSP167,TSP,196,222.548479318619,True,./run_logs/dwave/embeddings/TSP167.emb.json
./instances/QUBO/TSP145_25_6_hk48.qubo.json,TSP145,TSP,25,0.755647659301758,True,./run_logs/dwave/embeddings/TSP145.emb.json
./instances/QUBO/TSP119_25_6_pr299.qubo.json,TSP119,TSP,25,0.889648914337158,True,./run_logs/dwave/embeddings/TSP119.emb.json
./instances/QUBO/TSP35_144_13_gr666.qubo.json,TSP35,TSP,144,77.1960861682892,True,./run_logs/dwave/embeddings/TSP35.emb.json
./instances/QUBO/TSP22_144_13_swiss42.qubo.json,TSP22,TSP,144,146.53217792511,True,./run_logs/dwave/embeddings/TSP22.emb.json
./instances/QUBO/TSP18_64_9_swiss42.qubo.json,TSP18,TSP,64,16.6085803508759,True,./run_logs/dwave/embeddings/TSP18.emb.json
./instances/QUBO/TSP161_64_9_kroC100.qubo.json,TSP161,TSP,64,12.0610997676849,True,./run_logs/dwave/embeddings/TSP161.emb.json
./instances/QUBO/TSP80_25_6_att48.qubo.json,TSP80,TSP,25,1.0208568572998,True,./run_logs/dwave/embeddings/TSP80.emb.json
./instances/QUBO/TSP153_169_14_hk48.qubo.json,TSP153,TSP,169,219.163257837295,True,./run_logs/dwave/embeddings/TSP153.emb.json
./instances/QUBO/TSP155_225_16_hk48.qubo.json,TSP155,TSP,225,1003.92099404335,False,./run_logs/dwave/embeddings/TSP155.emb.json
./instances/QUBO/TSP165_144_13_kroC100.qubo.json,TSP165,TSP,144,129.619848489761,True,./run_logs/dwave/embeddings/TSP165.emb.json
./instances/QUBO/TSP66_16_5_tsp225.qubo.json,TSP66,TSP,16,0.254240036010742,True,./run_logs/dwave/embeddings/TSP66.emb.json
./instances/QUBO/TSP79_16_5_att48.qubo.json,TSP79,TSP,16,0.167775630950928,True,./run_logs/dwave/embeddings/TSP79.emb.json
./instances/QUBO/TSP111_100_11_brazil58.qubo.json,TSP111,TSP,100,34.5081186294556,True,./run_logs/dwave/embeddings/TSP111.emb.json
./instances/QUBO/TSP28_25_6_gr666.qubo.json,TSP28,TSP,25,0.575417280197144,True,./run_logs/dwave/embeddings/TSP28.emb.json
./instances/QUBO/TSP6_81_10_pr107.qubo.json,TSP6,TSP,81,36.619241476059,True,./run_logs/dwave/embeddings/TSP6.emb.json
./instances/QUBO/TSP178_144_13_rat575.qubo.json,TSP178,TSP,144,173.978139400482,True,./run_logs/dwave/embeddings/TSP178.emb.json
./instances/QUBO/TSP125_121_12_pr299.qubo.json,TSP125,TSP,121,154.039526700974,True,./run_logs/dwave/embeddings/TSP125.emb.json
./instances/QUBO/TSP77_225_16_tsp225.qubo.json,TSP77,TSP,225,1008.39502167702,False,./run_logs/dwave/embeddings/TSP77.emb.json
./instances/QUBO/TSP63_196_15_pa561.tsp.qubo.json,TSP63,TSP,196,226.124476909637,True,./run_logs/dwave/embeddings/TSP63.emb.json
./instances/QUBO/TSP123_81_10_pr299.qubo.json,TSP123,TSP,81,19.3721225261688,True,./run_logs/dwave/embeddings/TSP123.emb.json
./instances/QUBO/TSP122_64_9_pr299.qubo.json,TSP122,TSP,64,13.9181365966797,True,./run_logs/dwave/embeddings/TSP122.emb.json
./instances/QUBO/TSP14_16_5_swiss42.qubo.json,TSP14,TSP,16,0.191666126251221,True,./run_logs/dwave/embeddings/TSP14.emb.json
./instances/QUBO/TSP91_256_17_att48.qubo.json,TSP91,TSP,256,1011.50418663025,False,./run_logs/dwave/embeddings/TSP91.emb.json
./instances/QUBO/TSP188_81_10_eil101.qubo.json,TSP188,TSP,81,20.2863116264343,True,./run_logs/dwave/embeddings/TSP188.emb.json
./instances/QUBO/TSP115_196_15_brazil58.qubo.json,TSP115,TSP,196,230.319881916046,True,./run_logs/dwave/embeddings/TSP115.emb.json
./instances/QUBO/TSP121_49_8_pr299.qubo.json,TSP121,TSP,49,3.95459580421448,True,./run_logs/dwave/embeddings/TSP121.emb.json
./instances/QUBO/TSP175_81_10_rat575.qubo.json,TSP175,TSP,81,30.8928644657135,True,./run_logs/dwave/embeddings/TSP175.emb.json
./instances/QUBO/TSP23_169_14_swiss42.qubo.json,TSP23,TSP,169,136.990029096603,True,./run_logs/dwave/embeddings/TSP23.emb.json
./instances/QUBO/TSP90_225_16_att48.qubo.json,TSP90,TSP,225,1005.99590110779,False,./run_logs/dwave/embeddings/TSP90.emb.json
./instances/QUBO/TSP26_256_17_swiss42.qubo.json,TSP26,TSP,256,1009.4355711937,False,./run_logs/dwave/embeddings/TSP26.emb.json
./instances/QUBO/TSP17_49_8_swiss42.qubo.json,TSP17,TSP,49,3.86849641799927,True,./run_logs/dwave/embeddings/TSP17.emb.json
./instances/QUBO/TSP179_169_14_rat575.qubo.json,TSP179,TSP,169,109.039283275604,True,./run_logs/dwave/embeddings/TSP179.emb.json
./instances/QUBO/TSP143_256_17_kroB100.qubo.json,TSP143,TSP,256,1011.84025764465,False,./run_logs/dwave/embeddings/TSP143.emb.json
./instances/QUBO/MWC284_165_N165E6824_ERG_p0.5.qubo.json,MWC284,MWC,165,222.684788227081,True,./run_logs/dwave/embeddings/MWC284.emb.json
./instances/QUBO/MWC98_65_N65E1045_ERG_p0.5.qubo.json,MWC98,MWC,65,49.755943775177,True,./run_logs/dwave/embeddings/MWC98.emb.json
./instances/QUBO/MWC143_215_N215E11506_ERG_p0.5.qubo.json,MWC143,MWC,215,806.028237581253,False,./run_logs/dwave/embeddings/MWC143.emb.json
./instances/QUBO/MWC390_255_N255E24309_ERG_p0.75.qubo.json,MWC390,MWC,255,1020.57682085037,False,./run_logs/dwave/embeddings/MWC390.emb.json
./instances/QUBO/MWC123_145_N145E7852_ERG_p0.75.qubo.json,MWC123,MWC,145,234.147082328796,True,./run_logs/dwave/embeddings/MWC123.emb.json
./instances/QUBO/MWC353_135_N135E4516_ERG_p0.5.qubo.json,MWC353,MWC,135,214.19903421402,True,./run_logs/dwave/embeddings/MWC353.emb.json
./instances/QUBO/MWC303_225_N225E18825_ERG_p0.75.qubo.json,MWC303,MWC,225,1023.33503270149,False,./run_logs/dwave/embeddings/MWC303.emb.json
./instances/QUBO/MWC26_85_N85E1767_ERG_p0.5.qubo.json,MWC26,MWC,85,66.1832225322723,True,./run_logs/dwave/embeddings/MWC26.emb.json
./instances/QUBO/MWC351_125_N125E5775_ERG_p0.75.qubo.json,MWC351,MWC,125,191.966496229172,True,./run_logs/dwave/embeddings/MWC351.emb.json
./instances/QUBO/MWC1_5_N5E0_ERG_p0.25.qubo.json,MWC1,MWC,5,0.0124688148498535,True,./run_logs/dwave/embeddings/MWC1.emb.json
./instances/QUBO/MWC354_135_N135E6751_ERG_p0.75.qubo.json,MWC354,MWC,135,300.845391511917,True,./run_logs/dwave/embeddings/MWC354.emb.json
./instances/QUBO/MWC64_215_N215E5655_ERG_p0.25.qubo.json,MWC64,MWC,215,438.681581497192,False,./run_logs/dwave/embeddings/MWC64.emb.json
./instances/QUBO/MWC366_175_N175E11396_ERG_p0.75.qubo.json,MWC366,MWC,175,950.692356586456,False,./run_logs/dwave/embeddings/MWC366.emb.json
./instances/QUBO/MWC149_235_N235E13764_ERG_p0.5.qubo.json,MWC149,MWC,235,1011.80571365356,False,./run_logs/dwave/embeddings/MWC149.emb.json
./instances/QUBO/MWC338_85_N85E1772_ERG_p0.5.qubo.json,MWC338,MWC,85,35.1316683292389,True,./run_logs/dwave/embeddings/MWC338.emb.json
./instances/QUBO/MWC15_45_N45E736_ERG_p0.75.qubo.json,MWC15,MWC,45,16.624609708786,True,./run_logs/dwave/embeddings/MWC15.emb.json
./instances/QUBO/MWC277_145_N145E2575_ERG_p0.25.qubo.json,MWC277,MWC,145,65.7464022636414,True,./run_logs/dwave/embeddings/MWC277.emb.json
./instances/QUBO/MWC33_105_N105E4096_ERG_p0.75.qubo.json,MWC33,MWC,105,216.324265003204,True,./run_logs/dwave/embeddings/MWC33.emb.json
./instances/QUBO/MWC389_255_N255E16313_ERG_p0.5.qubo.json,MWC389,MWC,255,1022.20393252373,False,./run_logs/dwave/embeddings/MWC389.emb.json
./instances/QUBO/MWC136_195_N195E4752_ERG_p0.25.qubo.json,MWC136,MWC,195,488.349565267563,False,./run_logs/dwave/embeddings/MWC136.emb.json
./instances/QUBO/MWC341_95_N95E2259_ERG_p0.5.qubo.json,MWC341,MWC,95,80.9479024410248,True,./run_logs/dwave/embeddings/MWC341.emb.json
./instances/QUBO/MWC352_135_N135E2304_ERG_p0.25.qubo.json,MWC352,MWC,135,91.3224623203278,True,./run_logs/dwave/embeddings/MWC352.emb.json
./instances/QUBO/MWC114_115_N115E4832_ERG_p0.75.qubo.json,MWC114,MWC,115,115.171962022781,True,./run_logs/dwave/embeddings/MWC114.emb.json
./instances/QUBO/MWC232_255_N255E8092_ERG_p0.25.qubo.json,MWC232,MWC,255,1010.33031010628,False,./run_logs/dwave/embeddings/MWC232.emb.json
./instances/QUBO/MWC95_55_N55E736_ERG_p0.5.qubo.json,MWC95,MWC,55,13.4417464733124,True,./run_logs/dwave/embeddings/MWC95.emb.json
./instances/QUBO/MWC372_195_N195E14223_ERG_p0.75.qubo.json,MWC372,MWC,195,1005.71524763107,False,./run_logs/dwave/embeddings/MWC372.emb.json
./instances/QUBO/MWC131_175_N175E7644_ERG_p0.5.qubo.json,MWC131,MWC,175,733.181170463562,True,./run_logs/dwave/embeddings/MWC131.emb.json
./instances/QUBO/MWC180_75_N75E2090_ERG_p0.75.qubo.json,MWC180,MWC,75,43.8625156879425,True,./run_logs/dwave/embeddings/MWC180.emb.json
./instances/QUBO/MWC302_225_N225E12633_ERG_p0.5.qubo.json,MWC302,MWC,225,1015.77775096893,False,./run_logs/dwave/embeddings/MWC302.emb.json
./instances/QUBO/MWC215_195_N195E9470_ERG_p0.5.qubo.json,MWC215,MWC,195,729.27542090416,False,./run_logs/dwave/embeddings/MWC215.emb.json
./instances/QUBO/MWC316_15_N15E23_ERG_p0.25.qubo.json,MWC316,MWC,15,0.0347387790679932,True,./run_logs/dwave/embeddings/MWC316.emb.json
./instances/QUBO/MWC166_35_N35E139_ERG_p0.25.qubo.json,MWC166,MWC,35,0.453282356262207,True,./run_logs/dwave/embeddings/MWC166.emb.json
./instances/QUBO/MWC30_95_N95E3338_ERG_p0.75.qubo.json,MWC30,MWC,95,106.939806699753,True,./run_logs/dwave/embeddings/MWC30.emb.json
./instances/QUBO/MWC325_45_N45E255_ERG_p0.25.qubo.json,MWC325,MWC,45,0.997749328613281,True,./run_logs/dwave/embeddings/MWC325.emb.json
./instances/QUBO/MWC233_255_N255E16066_ERG_p0.5.qubo.json,MWC233,MWC,255,1013.85003685951,False,./run_logs/dwave/embeddings/MWC233.emb.json
./instances/QUBO/MWC130_175_N175E3839_ERG_p0.25.qubo.json,MWC130,MWC,175,187.91347026825,True,./run_logs/dwave/embeddings/MWC130.emb.json
./instances/QUBO/MWC14_45_N45E490_ERG_p0.5.qubo.json,MWC14,MWC,45,4.28657555580139,True,./run_logs/dwave/embeddings/MWC14.emb.json
./instances/QUBO/MWC187_105_N105E1380_ERG_p0.25.qubo.json,MWC187,MWC,105,78.4117486476898,True,./run_logs/dwave/embeddings/MWC187.emb.json
./instances/QUBO/MWC132_175_N175E11354_ERG_p0.75.qubo.json,MWC132,MWC,175,734.367895126343,True,./run_logs/dwave/embeddings/MWC132.emb.json
./instances/QUBO/MWC255_65_N65E1584_ERG_p0.75.qubo.json,MWC255,MWC,65,10.5907099246979,True,./run_logs/dwave/embeddings/MWC255.emb.json
./instances/QUBO/MWC152_245_N245E14838_ERG_p0.5.qubo.json,MWC152,MWC,245,1015.16961812973,False,./run_logs/dwave/embeddings/MWC152.emb.json
./instances/QUBO/MWC240_15_N15E78_ERG_p0.75.qubo.json,MWC240,MWC,15,0.209351539611816,True,./run_logs/dwave/embeddings/MWC240.emb.json
./instances/QUBO/MWC247_45_N45E260_ERG_p0.25.qubo.json,MWC247,MWC,45,2.16355466842651,True,./run_logs/dwave/embeddings/MWC247.emb.json
./instances/QUBO/MWC39_125_N125E5853_ERG_p0.75.qubo.json,MWC39,MWC,125,171.896147251129,True,./run_logs/dwave/embeddings/MWC39.emb.json
./instances/QUBO/MWC379_225_N225E6337_ERG_p0.25.qubo.json,MWC379,MWC,225,487.486830711365,False,./run_logs/dwave/embeddings/MWC379.emb.json
./instances/QUBO/MWC18_55_N55E1105_ERG_p0.75.qubo.json,MWC18,MWC,55,12.2494316101074,True,./run_logs/dwave/embeddings/MWC18.emb.json
./instances/QUBO/MWC38_125_N125E3948_ERG_p0.5.qubo.json,MWC38,MWC,125,81.4335405826569,True,./run_logs/dwave/embeddings/MWC38.emb.json
./instances/QUBO/MWC72_235_N235E20480_ERG_p0.75.qubo.json,MWC72,MWC,235,1016.43048405647,False,./run_logs/dwave/embeddings/MWC72.emb.json
./instances/QUBO/MWC266_105_N105E2688_ERG_p0.5.qubo.json,MWC266,MWC,105,80.8213319778442,True,./run_logs/dwave/embeddings/MWC266.emb.json
./instances/QUBO/MWC104_85_N85E1839_ERG_p0.5.qubo.json,MWC104,MWC,85,73.3366022109985,True,./run_logs/dwave/embeddings/MWC104.emb.json
./instances/QUBO/MWC300_215_N215E17257_ERG_p0.75.qubo.json,MWC300,MWC,215,1017.42697310448,False,./run_logs/dwave/embeddings/MWC300.emb.json
./instances/QUBO/MWC87_25_N25E212_ERG_p0.75.qubo.json,MWC87,MWC,25,1.03948068618774,True,./run_logs/dwave/embeddings/MWC87.emb.json
./instances/QUBO/MWC270_115_N115E4918_ERG_p0.75.qubo.json,MWC270,MWC,115,218.407984733582,True,./run_logs/dwave/embeddings/MWC270.emb.json
./instances/QUBO/MWC193_125_N125E1923_ERG_p0.25.qubo.json,MWC193,MWC,125,49.9133911132813,True,./run_logs/dwave/embeddings/MWC193.emb.json
./instances/QUBO/MWC268_115_N115E1643_ERG_p0.25.qubo.json,MWC268,MWC,115,111.885377407074,True,./run_logs/dwave/embeddings/MWC268.emb.json
./instances/QUBO/MWC71_235_N235E13786_ERG_p0.5.qubo.json,MWC71,MWC,235,1011.70976376534,False,./run_logs/dwave/embeddings/MWC71.emb.json
./instances/QUBO/MWC230_245_N245E14915_ERG_p0.5.qubo.json,MWC230,MWC,245,1018.93626451492,False,./run_logs/dwave/embeddings/MWC230.emb.json
./instances/QUBO/MWC339_85_N85E2720_ERG_p0.75.qubo.json,MWC339,MWC,85,76.2229599952698,True,./run_logs/dwave/embeddings/MWC339.emb.json
./instances/QUBO/MWC211_185_N185E4275_ERG_p0.25.qubo.json,MWC211,MWC,185,358.656096220016,True,./run_logs/dwave/embeddings/MWC211.emb.json
./instances/QUBO/MWC13_45_N45E236_ERG_p0.25.qubo.json,MWC13,MWC,45,1.66845035552979,True,./run_logs/dwave/embeddings/MWC13.emb.json
./instances/QUBO/MWC29_95_N95E2276_ERG_p0.5.qubo.json,MWC29,MWC,95,100.899843931198,True,./run_logs/dwave/embeddings/MWC29.emb.json
./instances/QUBO/MWC218_205_N205E10433_ERG_p0.5.qubo.json,MWC218,MWC,205,713.300477981567,False,./run_logs/dwave/embeddings/MWC218.emb.json
./instances/QUBO/MWC70_235_N235E6876_ERG_p0.25.qubo.json,MWC70,MWC,235,544.821056604385,False,./run_logs/dwave/embeddings/MWC70.emb.json
./instances/QUBO/MWC160_15_N15E26_ERG_p0.25.qubo.json,MWC160,MWC,15,0.0368301868438721,True,./run_logs/dwave/embeddings/MWC160.emb.json
./instances/QUBO/MWC242_25_N25E161_ERG_p0.5.qubo.json,MWC242,MWC,25,0.792492151260376,True,./run_logs/dwave/embeddings/MWC242.emb.json
./instances/QUBO/MWC153_245_N245E22485_ERG_p0.75.qubo.json,MWC153,MWC,245,1019.39175891876,False,./run_logs/dwave/embeddings/MWC153.emb.json
./instances/QUBO/MWC378_215_N215E17207_ERG_p0.75.qubo.json,MWC378,MWC,215,1016.36497116089,False,./run_logs/dwave/embeddings/MWC378.emb.json
./instances/QUBO/MWC377_215_N215E11485_ERG_p0.5.qubo.json,MWC377,MWC,215,950.871586322784,False,./run_logs/dwave/embeddings/MWC377.emb.json
./instances/QUBO/MWC363_165_N165E10119_ERG_p0.75.qubo.json,MWC363,MWC,165,390.663030147552,True,./run_logs/dwave/embeddings/MWC363.emb.json
./instances/QUBO/MWC171_45_N45E741_ERG_p0.75.qubo.json,MWC171,MWC,45,5.60375308990479,True,./run_logs/dwave/embeddings/MWC171.emb.json
./instances/QUBO/MWC350_125_N125E3855_ERG_p0.5.qubo.json,MWC350,MWC,125,100.300534963608,True,./run_logs/dwave/embeddings/MWC350.emb.json
./instances/QUBO/MWC84_15_N15E83_ERG_p0.75.qubo.json,MWC84,MWC,15,0.136204719543457,True,./run_logs/dwave/embeddings/MWC84.emb.json
./instances/QUBO/MWC172_55_N55E379_ERG_p0.25.qubo.json,MWC172,MWC,55,5.10385847091675,True,./run_logs/dwave/embeddings/MWC172.emb.json
./instances/QUBO/MWC361_165_N165E3355_ERG_p0.25.qubo.json,MWC361,MWC,165,144.22683930397,True,./run_logs/dwave/embeddings/MWC361.emb.json
./instances/QUBO/MWC202_155_N155E2978_ERG_p0.25.qubo.json,MWC202,MWC,155,114.70371222496,True,./run_logs/dwave/embeddings/MWC202.emb.json
./instances/QUBO/MWC181_85_N85E888_ERG_p0.25.qubo.json,MWC181,MWC,85,14.2903144359589,True,./run_logs/dwave/embeddings/MWC181.emb.json
./instances/QUBO/MWC20_65_N65E1063_ERG_p0.5.qubo.json,MWC20,MWC,65,24.949765920639,True,./run_logs/dwave/embeddings/MWC20.emb.json
./instances/QUBO/MWC126_155_N155E8973_ERG_p0.75.qubo.json,MWC126,MWC,155,358.858500480652,True,./run_logs/dwave/embeddings/MWC126.emb.json
./instances/QUBO/MWC321_25_N25E235_ERG_p0.75.qubo.json,MWC321,MWC,25,1.01630830764771,True,./run_logs/dwave/embeddings/MWC321.emb.json
./instances/QUBO/MWC385_245_N245E7429_ERG_p0.25.qubo.json,MWC385,MWC,245,1002.3393330574,False,./run_logs/dwave/embeddings/MWC385.emb.json
./instances/QUBO/MWC51_165_N165E10074_ERG_p0.75.qubo.json,MWC51,MWC,165,572.837996959686,True,./run_logs/dwave/embeddings/MWC51.emb.json
./instances/QUBO/MWC165_25_N25E226_ERG_p0.75.qubo.json,MWC165,MWC,25,1.60604953765869,True,./run_logs/dwave/embeddings/MWC165.emb.json
./instances/QUBO/MWC24_75_N75E2088_ERG_p0.75.qubo.json,MWC24,MWC,75,121.294154405594,True,./run_logs/dwave/embeddings/MWC24.emb.json
./instances/QUBO/MWC99_65_N65E1526_ERG_p0.75.qubo.json,MWC99,MWC,65,23.3101863861084,True,./run_logs/dwave/embeddings/MWC99.emb.json
./instances/QUBO/MWC207_165_N165E10111_ERG_p0.75.qubo.json,MWC207,MWC,165,1009.48607516289,False,./run_logs/dwave/embeddings/MWC207.emb.json
./instances/QUBO/MWC205_165_N165E3325_ERG_p0.25.qubo.json,MWC205,MWC,165,81.1412756443024,True,./run_logs/dwave/embeddings/MWC205.emb.json
./instances/QUBO/MWC297_205_N205E15712_ERG_p0.75.qubo.json,MWC297,MWC,205,1021.23493409157,False,./run_logs/dwave/embeddings/MWC297.emb.json
./instances/QUBO/MWC91_45_N45E233_ERG_p0.25.qubo.json,MWC91,MWC,45,1.65235686302185,True,./run_logs/dwave/embeddings/MWC91.emb.json
./instances/QUBO/MWC177_65_N65E1541_ERG_p0.75.qubo.json,MWC177,MWC,65,38.142068862915,True,./run_logs/dwave/embeddings/MWC177.emb.json
./instances/QUBO/MWC36_115_N115E4943_ERG_p0.75.qubo.json,MWC36,MWC,115,133.672922372818,True,./run_logs/dwave/embeddings/MWC36.emb.json
./instances/QUBO/MWC159_5_N5E10_ERG_p0.75.qubo.json,MWC159,MWC,5,0.0253081321716309,True,./run_logs/dwave/embeddings/MWC159.emb.json
./instances/QUBO/MWC203_155_N155E6012_ERG_p0.5.qubo.json,MWC203,MWC,155,197.19892168045,True,./run_logs/dwave/embeddings/MWC203.emb.json
./instances/QUBO/MWC380_225_N225E12621_ERG_p0.5.qubo.json,MWC380,MWC,225,1011.84867787361,False,./run_logs/dwave/embeddings/MWC380.emb.json
./instances/QUBO/MWC355_145_N145E2608_ERG_p0.25.qubo.json,MWC355,MWC,145,132.95068192482,True,./run_logs/dwave/embeddings/MWC355.emb.json
./instances/QUBO/MWC269_115_N115E3195_ERG_p0.5.qubo.json,MWC269,MWC,115,112.153053998947,True,./run_logs/dwave/embeddings/MWC269.emb.json
./instances/QUBO/MWC79_5_N5E2_ERG_p0.25.qubo.json,MWC79,MWC,5,0.0170702934265137,True,./run_logs/dwave/embeddings/MWC79.emb.json
./instances/QUBO/MWC329_55_N55E733_ERG_p0.5.qubo.json,MWC329,MWC,55,11.3653936386108,True,./run_logs/dwave/embeddings/MWC329.emb.json
./instances/QUBO/MWC281_155_N155E6008_ERG_p0.5.qubo.json,MWC281,MWC,155,165.699507713318,True,./run_logs/dwave/embeddings/MWC281.emb.json
./instances/QUBO/MWC3_5_N5E10_ERG_p0.75.qubo.json,MWC3,MWC,5,0.0250163078308105,True,./run_logs/dwave/embeddings/MWC3.emb.json
./instances/QUBO/MWC373_205_N205E5196_ERG_p0.25.qubo.json,MWC373,MWC,205,586.873342990875,False,./run_logs/dwave/embeddings/MWC373.emb.json
./instances/QUBO/MWC34_115_N115E1570_ERG_p0.25.qubo.json,MWC34,MWC,115,93.0088202953339,True,./run_logs/dwave/embeddings/MWC34.emb.json
./instances/QUBO/MWC129_165_N165E10186_ERG_p0.75.qubo.json,MWC129,MWC,165,561.184715986252,True,./run_logs/dwave/embeddings/MWC129.emb.json
./instances/QUBO/MWC192_115_N115E4978_ERG_p0.75.qubo.json,MWC192,MWC,115,156.57741522789,True,./run_logs/dwave/embeddings/MWC192.emb.json
./instances/QUBO/MWC23_75_N75E1406_ERG_p0.5.qubo.json,MWC23,MWC,75,23.590850353241,True,./run_logs/dwave/embeddings/MWC23.emb.json
./instances/QUBO/MWC388_255_N255E8015_ERG_p0.25.qubo.json,MWC388,MWC,255,1007.66953158379,False,./run_logs/dwave/embeddings/MWC388.emb.json
./instances/QUBO/MWC236_5_N5E6_ERG_p0.5.qubo.json,MWC236,MWC,5,0.0189547538757324,True,./run_logs/dwave/embeddings/MWC236.emb.json
./instances/QUBO/MWC155_255_N255E16113_ERG_p0.5.qubo.json,MWC155,MWC,255,1021.22933721542,False,./run_logs/dwave/embeddings/MWC155.emb.json
./instances/QUBO/MWC249_45_N45E748_ERG_p0.75.qubo.json,MWC249,MWC,45,10.9426710605621,True,./run_logs/dwave/embeddings/MWC249.emb.json
./instances/QUBO/MWC169_45_N45E250_ERG_p0.25.qubo.json,MWC169,MWC,45,2.92973017692566,True,./run_logs/dwave/embeddings/MWC169.emb.json
./instances/QUBO/MWC364_175_N175E3777_ERG_p0.25.qubo.json,MWC364,MWC,175,150.418875694275,True,./run_logs/dwave/embeddings/MWC364.emb.json
./instances/QUBO/MWC195_125_N125E5867_ERG_p0.75.qubo.json,MWC195,MWC,125,259.989128351212,True,./run_logs/dwave/embeddings/MWC195.emb.json
./instances/QUBO/MWC156_255_N255E24344_ERG_p0.75.qubo.json,MWC156,MWC,255,1025.14159035683,False,./run_logs/dwave/embeddings/MWC156.emb.json
./instances/QUBO/MWC5_15_N15E45_ERG_p0.5.qubo.json,MWC5,MWC,15,0.0896193981170654,True,./run_logs/dwave/embeddings/MWC5.emb.json
./instances/QUBO/MWC262_95_N95E1098_ERG_p0.25.qubo.json,MWC262,MWC,95,27.8615570068359,True,./run_logs/dwave/embeddings/MWC262.emb.json
./instances/QUBO/MWC299_215_N215E11398_ERG_p0.5.qubo.json,MWC299,MWC,215,837.972585916519,False,./run_logs/dwave/embeddings/MWC299.emb.json
./instances/QUBO/MWC271_125_N125E1918_ERG_p0.25.qubo.json,MWC271,MWC,125,84.5875647068024,True,./run_logs/dwave/embeddings/MWC271.emb.json
./instances/QUBO/MWC381_225_N225E18895_ERG_p0.75.qubo.json,MWC381,MWC,225,1016.81102204323,False,./run_logs/dwave/embeddings/MWC381.emb.json
./instances/QUBO/MWC257_75_N75E1375_ERG_p0.5.qubo.json,MWC257,MWC,75,29.7394213676453,True,./run_logs/dwave/embeddings/MWC257.emb.json
./instances/QUBO/MWC286_175_N175E3830_ERG_p0.25.qubo.json,MWC286,MWC,175,99.9787180423737,True,./run_logs/dwave/embeddings/MWC286.emb.json
./instances/QUBO/MWC256_75_N75E695_ERG_p0.25.qubo.json,MWC256,MWC,75,16.5587229728699,True,./run_logs/dwave/embeddings/MWC256.emb.json
./instances/QUBO/MWC238_15_N15E38_ERG_p0.25.qubo.json,MWC238,MWC,15,0.0538864135742188,True,./run_logs/dwave/embeddings/MWC238.emb.json
./instances/QUBO/MWC209_175_N175E7602_ERG_p0.5.qubo.json,MWC209,MWC,175,391.015821933746,True,./run_logs/dwave/embeddings/MWC209.emb.json
./instances/QUBO/MWC304_235_N235E6844_ERG_p0.25.qubo.json,MWC304,MWC,235,553.418282270432,False,./run_logs/dwave/embeddings/MWC304.emb.json
./instances/QUBO/MWC342_95_N95E3338_ERG_p0.75.qubo.json,MWC342,MWC,95,53.3077201843262,True,./run_logs/dwave/embeddings/MWC342.emb.json
./instances/QUBO/MWC63_205_N205E15607_ERG_p0.75.qubo.json,MWC63,MWC,205,951.188190221787,False,./run_logs/dwave/embeddings/MWC63.emb.json
./instances/QUBO/MWC93_45_N45E773_ERG_p0.75.qubo.json,MWC93,MWC,45,4.58519721031189,True,./run_logs/dwave/embeddings/MWC93.emb.json
./instances/QUBO/MWC86_25_N25E152_ERG_p0.5.qubo.json,MWC86,MWC,25,0.428153514862061,True,./run_logs/dwave/embeddings/MWC86.emb.json
./instances/QUBO/MWC283_165_N165E3381_ERG_p0.25.qubo.json,MWC283,MWC,165,66.1207101345062,True,./run_logs/dwave/embeddings/MWC283.emb.json
./instances/QUBO/MWC371_195_N195E9394_ERG_p0.5.qubo.json,MWC371,MWC,195,533.359413862228,False,./run_logs/dwave/embeddings/MWC371.emb.json
./instances/QUBO/MWC82_15_N15E24_ERG_p0.25.qubo.json,MWC82,MWC,15,0.0322136878967285,True,./run_logs/dwave/embeddings/MWC82.emb.json
./instances/QUBO/MWC133_185_N185E4169_ERG_p0.25.qubo.json,MWC133,MWC,185,160.619017124176,True,./run_logs/dwave/embeddings/MWC133.emb.json
./instances/QUBO/MWC293_195_N195E9388_ERG_p0.5.qubo.json,MWC293,MWC,195,502.15988445282,False,./run_logs/dwave/embeddings/MWC293.emb.json
./instances/QUBO/MWC214_195_N195E4647_ERG_p0.25.qubo.json,MWC214,MWC,195,354.965588331223,False,./run_logs/dwave/embeddings/MWC214.emb.json
./instances/QUBO/MWC198_135_N135E6806_ERG_p0.75.qubo.json,MWC198,MWC,135,86.3364408016205,True,./run_logs/dwave/embeddings/MWC198.emb.json
./instances/QUBO/MWC19_65_N65E542_ERG_p0.25.qubo.json,MWC19,MWC,65,5.78956604003906,True,./run_logs/dwave/embeddings/MWC19.emb.json
./instances/QUBO/MWC349_125_N125E1851_ERG_p0.25.qubo.json,MWC349,MWC,125,23.4650032520294,True,./run_logs/dwave/embeddings/MWC349.emb.json
./instances/QUBO/MWC292_195_N195E4720_ERG_p0.25.qubo.json,MWC292,MWC,195,398.627995967865,False,./run_logs/dwave/embeddings/MWC292.emb.json
./instances/QUBO/MWC280_155_N155E3029_ERG_p0.25.qubo.json,MWC280,MWC,155,51.6574618816376,True,./run_logs/dwave/embeddings/MWC280.emb.json
./instances/QUBO/MWC49_165_N165E3443_ERG_p0.25.qubo.json,MWC49,MWC,165,88.5899040699005,True,./run_logs/dwave/embeddings/MWC49.emb.json
./instances/QUBO/MWC320_25_N25E151_ERG_p0.5.qubo.json,MWC320,MWC,25,0.462724208831787,True,./run_logs/dwave/embeddings/MWC320.emb.json
./instances/QUBO/MWC291_185_N185E12759_ERG_p0.75.qubo.json,MWC291,MWC,185,723.937710762024,False,./run_logs/dwave/embeddings/MWC291.emb.json
./instances/QUBO/MWC294_195_N195E14218_ERG_p0.75.qubo.json,MWC294,MWC,195,683.761869430542,False,./run_logs/dwave/embeddings/MWC294.emb.json
./instances/QUBO/MWC199_145_N145E2603_ERG_p0.25.qubo.json,MWC199,MWC,145,54.1794383525848,True,./run_logs/dwave/embeddings/MWC199.emb.json
./instances/QUBO/MWC276_135_N135E6713_ERG_p0.75.qubo.json,MWC276,MWC,135,167.242241382599,True,./run_logs/dwave/embeddings/MWC276.emb.json
./instances/QUBO/MWC148_235_N235E6915_ERG_p0.25.qubo.json,MWC148,MWC,235,466.745059013367,False,./run_logs/dwave/embeddings/MWC148.emb.json
./instances/QUBO/MWC112_115_N115E1610_ERG_p0.25.qubo.json,MWC112,MWC,115,46.9921560287476,True,./run_logs/dwave/embeddings/MWC112.emb.json
./instances/QUBO/MWC147_225_N225E18952_ERG_p0.75.qubo.json,MWC147,MWC,225,1013.85497403145,False,./run_logs/dwave/embeddings/MWC147.emb.json
./instances/QUBO/MWC106_95_N95E1088_ERG_p0.25.qubo.json,MWC106,MWC,95,35.2588491439819,True,./run_logs/dwave/embeddings/MWC106.emb.json
./instances/QUBO/MWC122_145_N145E5243_ERG_p0.5.qubo.json,MWC122,MWC,145,151.337344169617,True,./run_logs/dwave/embeddings/MWC122.emb.json
./instances/QUBO/MWC103_85_N85E911_ERG_p0.25.qubo.json,MWC103,MWC,85,17.3932659626007,True,./run_logs/dwave/embeddings/MWC103.emb.json
./instances/QUBO/MWC120_135_N135E6836_ERG_p0.75.qubo.json,MWC120,MWC,135,143.674228191376,True,./run_logs/dwave/embeddings/MWC120.emb.json
./instances/QUBO/MWC295_205_N205E5325_ERG_p0.25.qubo.json,MWC295,MWC,205,326.173332691193,False,./run_logs/dwave/embeddings/MWC295.emb.json
./instances/QUBO/MWC54_175_N175E11577_ERG_p0.75.qubo.json,MWC54,MWC,175,714.484356164932,False,./run_logs/dwave/embeddings/MWC54.emb.json
./instances/QUBO/MWC16_55_N55E373_ERG_p0.25.qubo.json,MWC16,MWC,55,2.79949426651001,True,./run_logs/dwave/embeddings/MWC16.emb.json
./instances/QUBO/MWC383_235_N235E13712_ERG_p0.5.qubo.json,MWC383,MWC,235,1011.26139640808,False,./run_logs/dwave/embeddings/MWC383.emb.json
./instances/QUBO/MWC208_175_N175E3827_ERG_p0.25.qubo.json,MWC208,MWC,175,76.3829438686371,True,./run_logs/dwave/embeddings/MWC208.emb.json
./instances/QUBO/MWC107_95_N95E2220_ERG_p0.5.qubo.json,MWC107,MWC,95,42.102320432663,True,./run_logs/dwave/embeddings/MWC107.emb.json
./instances/QUBO/MWC190_115_N115E1587_ERG_p0.25.qubo.json,MWC190,MWC,115,29.2266054153442,True,./run_logs/dwave/embeddings/MWC190.emb.json
./instances/QUBO/MWC224_225_N225E12687_ERG_p0.5.qubo.json,MWC224,MWC,225,1003.67190814018,False,./run_logs/dwave/embeddings/MWC224.emb.json
./instances/QUBO/MWC307_245_N245E7476_ERG_p0.25.qubo.json,MWC307,MWC,245,719.155736684799,False,./run_logs/dwave/embeddings/MWC307.emb.json
./instances/QUBO/MWC52_175_N175E3822_ERG_p0.25.qubo.json,MWC52,MWC,175,172.069675445557,True,./run_logs/dwave/embeddings/MWC52.emb.json
./instances/QUBO/MWC76_255_N255E8032_ERG_p0.25.qubo.json,MWC76,MWC,255,803.379347324371,False,./run_logs/dwave/embeddings/MWC76.emb.json
./instances/QUBO/MWC83_15_N15E52_ERG_p0.5.qubo.json,MWC83,MWC,15,0.0716121196746826,True,./run_logs/dwave/embeddings/MWC83.emb.json
./instances/QUBO/MWC365_175_N175E7590_ERG_p0.5.qubo.json,MWC365,MWC,175,376.142823934555,True,./run_logs/dwave/embeddings/MWC365.emb.json
./instances/QUBO/MWC312_255_N255E24319_ERG_p0.75.qubo.json,MWC312,MWC,255,1020.94605612755,False,./run_logs/dwave/embeddings/MWC312.emb.json
./instances/QUBO/MWC45_145_N145E7762_ERG_p0.75.qubo.json,MWC45,MWC,145,143.280272960663,True,./run_logs/dwave/embeddings/MWC45.emb.json
./instances/QUBO/MWC184_95_N95E1099_ERG_p0.25.qubo.json,MWC184,MWC,95,22.2374091148376,True,./run_logs/dwave/embeddings/MWC184.emb.json
./instances/QUBO/MWC157_5_N5E4_ERG_p0.25.qubo.json,MWC157,MWC,5,0.012418270111084,True,./run_logs/dwave/embeddings/MWC157.emb.json
./instances/QUBO/MWC90_35_N35E422_ERG_p0.75.qubo.json,MWC90,MWC,35,2.81132578849792,True,./run_logs/dwave/embeddings/MWC90.emb.json
./instances/QUBO/MWC162_15_N15E76_ERG_p0.75.qubo.json,MWC162,MWC,15,0.0954856872558594,True,./run_logs/dwave/embeddings/MWC162.emb.json
./instances/QUBO/MWC9_25_N25E226_ERG_p0.75.qubo.json,MWC9,MWC,25,0.642702341079712,True,./run_logs/dwave/embeddings/MWC9.emb.json
./instances/QUBO/MWC69_225_N225E18954_ERG_p0.75.qubo.json,MWC69,MWC,225,1016.50367021561,False,./run_logs/dwave/embeddings/MWC69.emb.json
./instances/QUBO/MWC375_205_N205E15719_ERG_p0.75.qubo.json,MWC375,MWC,205,717.678131341934,False,./run_logs/dwave/embeddings/MWC375.emb.json
./instances/QUBO/MWC118_135_N135E2170_ERG_p0.25.qubo.json,MWC118,MWC,135,72.3084042072296,True,./run_logs/dwave/embeddings/MWC118.emb.json
./instances/QUBO/MWC319_25_N25E76_ERG_p0.25.qubo.json,MWC319,MWC,25,0.0930018424987793,True,./run_logs/dwave/embeddings/MWC319.emb.json
./instances/QUBO/MWC204_155_N155E8933_ERG_p0.75.qubo.json,MWC204,MWC,155,398.738986492157,True,./run_logs/dwave/embeddings/MWC204.emb.json
./instances/QUBO/MWC173_55_N55E755_ERG_p0.5.qubo.json,MWC173,MWC,55,7.60848069190979,True,./run_logs/dwave/embeddings/MWC173.emb.json
./instances/QUBO/MWC382_235_N235E6975_ERG_p0.25.qubo.json,MWC382,MWC,235,503.47551202774,False,./run_logs/dwave/embeddings/MWC382.emb.json
./instances/QUBO/MWC41_135_N135E4514_ERG_p0.5.qubo.json,MWC41,MWC,135,90.0086464881897,True,./run_logs/dwave/embeddings/MWC41.emb.json
./instances/QUBO/MWC183_85_N85E2671_ERG_p0.75.qubo.json,MWC183,MWC,85,39.035430431366,True,./run_logs/dwave/embeddings/MWC183.emb.json
./instances/QUBO/MWC163_25_N25E85_ERG_p0.25.qubo.json,MWC163,MWC,25,0.161531448364258,True,./run_logs/dwave/embeddings/MWC163.emb.json
./instances/QUBO/MWC243_25_N25E234_ERG_p0.75.qubo.json,MWC243,MWC,25,0.657715797424316,True,./run_logs/dwave/embeddings/MWC243.emb.json
./instances/QUBO/MWC279_145_N145E7767_ERG_p0.75.qubo.json,MWC279,MWC,145,225.803080320358,True,./run_logs/dwave/embeddings/MWC279.emb.json
./instances/QUBO/MWC298_215_N215E5723_ERG_p0.25.qubo.json,MWC298,MWC,215,325.898194074631,False,./run_logs/dwave/embeddings/MWC298.emb.json
./instances/QUBO/MWC145_225_N225E6340_ERG_p0.25.qubo.json,MWC145,MWC,225,349.411730051041,False,./run_logs/dwave/embeddings/MWC145.emb.json
./instances/QUBO/MWC310_255_N255E8123_ERG_p0.25.qubo.json,MWC310,MWC,255,910.695907831192,False,./run_logs/dwave/embeddings/MWC310.emb.json
./instances/QUBO/MWC360_155_N155E8959_ERG_p0.75.qubo.json,MWC360,MWC,155,178.332476615906,True,./run_logs/dwave/embeddings/MWC360.emb.json
./instances/QUBO/MWC239_15_N15E49_ERG_p0.5.qubo.json,MWC239,MWC,15,0.0708446502685547,True,./run_logs/dwave/embeddings/MWC239.emb.json
./instances/QUBO/MWC229_245_N245E7465_ERG_p0.25.qubo.json,MWC229,MWC,245,681.973837852478,False,./run_logs/dwave/embeddings/MWC229.emb.json
./instances/QUBO/MWC336_75_N75E2088_ERG_p0.75.qubo.json,MWC336,MWC,75,23.6361243724823,True,./run_logs/dwave/embeddings/MWC336.emb.json
./instances/QUBO/MWC222_215_N215E17253_ERG_p0.75.qubo.json,MWC222,MWC,215,1003.53971171379,False,./run_logs/dwave/embeddings/MWC222.emb.json
./instances/QUBO/MWC174_55_N55E1114_ERG_p0.75.qubo.json,MWC174,MWC,55,8.33739948272705,True,./run_logs/dwave/embeddings/MWC174.emb.json
./instances/QUBO/MWC313_5_N5E3_ERG_p0.25.qubo.json,MWC313,MWC,5,0.011812686920166,True,./run_logs/dwave/embeddings/MWC313.emb.json
./instances/QUBO/MWC101_75_N75E1388_ERG_p0.5.qubo.json,MWC101,MWC,75,16.1542856693268,True,./run_logs/dwave/embeddings/MWC101.emb.json
./instances/QUBO/MWC168_35_N35E440_ERG_p0.75.qubo.json,MWC168,MWC,35,2.75675249099731,True,./run_logs/dwave/embeddings/MWC168.emb.json
./instances/QUBO/MWC326_45_N45E484_ERG_p0.5.qubo.json,MWC326,MWC,45,5.69534039497376,True,./run_logs/dwave/embeddings/MWC326.emb.json
./instances/QUBO/MWC376_215_N215E5629_ERG_p0.25.qubo.json,MWC376,MWC,215,320.084403991699,False,./run_logs/dwave/embeddings/MWC376.emb.json
./instances/QUBO/MWC318_15_N15E73_ERG_p0.75.qubo.json,MWC318,MWC,15,0.0846567153930664,True,./run_logs/dwave/embeddings/MWC318.emb.json
./instances/QUBO/MWC217_205_N205E5265_ERG_p0.25.qubo.json,MWC217,MWC,205,338.496232748032,False,./run_logs/dwave/embeddings/MWC217.emb.json
./instances/QUBO/MWC119_135_N135E4561_ERG_p0.5.qubo.json,MWC119,MWC,135,115.065821170807,True,./run_logs/dwave/embeddings/MWC119.emb.json
./instances/QUBO/MWC323_35_N35E303_ERG_p0.5.qubo.json,MWC323,MWC,35,2.4043116569519,True,./run_logs/dwave/embeddings/MWC323.emb.json
./instances/QUBO/MWC62_205_N205E10482_ERG_p0.5.qubo.json,MWC62,MWC,205,498.197299718857,False,./run_logs/dwave/embeddings/MWC62.emb.json
./instances/QUBO/MWC75_245_N245E22368_ERG_p0.75.qubo.json,MWC75,MWC,245,1023.8875336647,False,./run_logs/dwave/embeddings/MWC75.emb.json
./instances/QUBO/MWC158_5_N5E4_ERG_p0.5.qubo.json,MWC158,MWC,5,0.0125038623809814,True,./run_logs/dwave/embeddings/MWC158.emb.json
./instances/QUBO/MWC40_135_N135E2313_ERG_p0.25.qubo.json,MWC40,MWC,135,29.730367898941,True,./run_logs/dwave/embeddings/MWC40.emb.json
./instances/QUBO/MWC308_245_N245E14776_ERG_p0.5.qubo.json,MWC308,MWC,245,1011.02003264427,False,./run_logs/dwave/embeddings/MWC308.emb.json
./instances/QUBO/MWC46_155_N155E2949_ERG_p0.25.qubo.json,MWC46,MWC,155,46.649646282196,True,./run_logs/dwave/embeddings/MWC46.emb.json
./instances/QUBO/MWC235_5_N5E3_ERG_p0.25.qubo.json,MWC235,MWC,5,0.0120651721954346,True,./run_logs/dwave/embeddings/MWC235.emb.json
./instances/QUBO/MWC290_185_N185E8544_ERG_p0.5.qubo.json,MWC290,MWC,185,508.584413051605,False,./run_logs/dwave/embeddings/MWC290.emb.json
./instances/QUBO/MWC182_85_N85E1739_ERG_p0.5.qubo.json,MWC182,MWC,85,42.6618621349335,True,./run_logs/dwave/embeddings/MWC182.emb.json
./instances/QUBO/MWC142_215_N215E5768_ERG_p0.25.qubo.json,MWC142,MWC,215,323.843418359756,False,./run_logs/dwave/embeddings/MWC142.emb.json
./instances/QUBO/MWC111_105_N105E4159_ERG_p0.75.qubo.json,MWC111,MWC,105,50.3947360515595,True,./run_logs/dwave/embeddings/MWC111.emb.json
./instances/QUBO/MWC274_135_N135E2242_ERG_p0.25.qubo.json,MWC274,MWC,135,85.1167807579041,True,./run_logs/dwave/embeddings/MWC274.emb.json
./instances/QUBO/MWC252_55_N55E1103_ERG_p0.75.qubo.json,MWC252,MWC,55,4.17112922668457,True,./run_logs/dwave/embeddings/MWC252.emb.json
./instances/QUBO/MWC74_245_N245E15051_ERG_p0.5.qubo.json,MWC74,MWC,245,1010.15901589394,False,./run_logs/dwave/embeddings/MWC74.emb.json
./instances/QUBO/MWC386_245_N245E14793_ERG_p0.5.qubo.json,MWC386,MWC,245,1008.57932806015,False,./run_logs/dwave/embeddings/MWC386.emb.json
./instances/QUBO/MWC384_235_N235E20753_ERG_p0.75.qubo.json,MWC384,MWC,235,1017.80690908432,False,./run_logs/dwave/embeddings/MWC384.emb.json
./instances/QUBO/MWC61_205_N205E5234_ERG_p0.25.qubo.json,MWC61,MWC,205,328.800331115723,False,./run_logs/dwave/embeddings/MWC61.emb.json
./instances/QUBO/MWC259_85_N85E905_ERG_p0.25.qubo.json,MWC259,MWC,85,24.3409249782562,True,./run_logs/dwave/embeddings/MWC259.emb.json
./instances/QUBO/MWC28_95_N95E1090_ERG_p0.25.qubo.json,MWC28,MWC,95,25.2728338241577,True,./run_logs/dwave/embeddings/MWC28.emb.json
./instances/QUBO/MWC170_45_N45E491_ERG_p0.5.qubo.json,MWC170,MWC,45,4.96866607666016,True,./run_logs/dwave/embeddings/MWC170.emb.json
./instances/QUBO/MWC108_95_N95E3361_ERG_p0.75.qubo.json,MWC108,MWC,95,84.4912905693054,True,./run_logs/dwave/embeddings/MWC108.emb.json
./instances/QUBO/MWC127_165_N165E3329_ERG_p0.25.qubo.json,MWC127,MWC,165,163.944874763489,True,./run_logs/dwave/embeddings/MWC127.emb.json
./instances/QUBO/MWC258_75_N75E2093_ERG_p0.75.qubo.json,MWC258,MWC,75,53.088803768158,True,./run_logs/dwave/embeddings/MWC258.emb.json
./instances/QUBO/MWC176_65_N65E1015_ERG_p0.5.qubo.json,MWC176,MWC,65,41.4866025447846,True,./run_logs/dwave/embeddings/MWC176.emb.json
./instances/QUBO/MWC301_225_N225E6306_ERG_p0.25.qubo.json,MWC301,MWC,225,378.415190219879,False,./run_logs/dwave/embeddings/MWC301.emb.json
./instances/QUBO/MWC357_145_N145E7844_ERG_p0.75.qubo.json,MWC357,MWC,145,294.614272356033,True,./run_logs/dwave/embeddings/MWC357.emb.json
./instances/QUBO/MWC100_75_N75E668_ERG_p0.25.qubo.json,MWC100,MWC,75,10.7110469341278,True,./run_logs/dwave/embeddings/MWC100.emb.json
./instances/QUBO/MWC264_95_N95E3403_ERG_p0.75.qubo.json,MWC264,MWC,95,101.334888935089,True,./run_logs/dwave/embeddings/MWC264.emb.json
./instances/QUBO/MWC237_5_N5E9_ERG_p0.75.qubo.json,MWC237,MWC,5,0.0165672302246094,True,./run_logs/dwave/embeddings/MWC237.emb.json
./instances/QUBO/MWC10_35_N35E152_ERG_p0.25.qubo.json,MWC10,MWC,35,0.39105224609375,True,./run_logs/dwave/embeddings/MWC10.emb.json
./instances/QUBO/MWC340_95_N95E1058_ERG_p0.25.qubo.json,MWC340,MWC,95,22.7402243614197,True,./run_logs/dwave/embeddings/MWC340.emb.json
./instances/QUBO/MWC105_85_N85E2699_ERG_p0.75.qubo.json,MWC105,MWC,85,35.8482716083527,True,./run_logs/dwave/embeddings/MWC105.emb.json
./instances/QUBO/MWC42_135_N135E6780_ERG_p0.75.qubo.json,MWC42,MWC,135,205.457583665848,True,./run_logs/dwave/embeddings/MWC42.emb.json
./instances/QUBO/MWC327_45_N45E753_ERG_p0.75.qubo.json,MWC327,MWC,45,4.56501054763794,True,./run_logs/dwave/embeddings/MWC327.emb.json
./instances/QUBO/MWC306_235_N235E20695_ERG_p0.75.qubo.json,MWC306,MWC,235,1016.49032378197,False,./run_logs/dwave/embeddings/MWC306.emb.json
./instances/QUBO/MWC144_215_N215E17307_ERG_p0.75.qubo.json,MWC144,MWC,215,1013.89490652084,False,./run_logs/dwave/embeddings/MWC144.emb.json
./instances/QUBO/MWC220_215_N215E5733_ERG_p0.25.qubo.json,MWC220,MWC,215,374.928370952606,False,./run_logs/dwave/embeddings/MWC220.emb.json
./instances/QUBO/MWC260_85_N85E1748_ERG_p0.5.qubo.json,MWC260,MWC,85,80.7032680511475,True,./run_logs/dwave/embeddings/MWC260.emb.json
./instances/QUBO/MWC387_245_N245E22298_ERG_p0.75.qubo.json,MWC387,MWC,245,1018.82276201248,False,./run_logs/dwave/embeddings/MWC387.emb.json
./instances/QUBO/MWC344_105_N105E2805_ERG_p0.5.qubo.json,MWC344,MWC,105,103.604418992996,True,./run_logs/dwave/embeddings/MWC344.emb.json
./instances/QUBO/MWC251_55_N55E758_ERG_p0.5.qubo.json,MWC251,MWC,55,7.29726886749268,True,./run_logs/dwave/embeddings/MWC251.emb.json
./instances/QUBO/MWC261_85_N85E2657_ERG_p0.75.qubo.json,MWC261,MWC,85,37.1199743747711,True,./run_logs/dwave/embeddings/MWC261.emb.json
./instances/QUBO/MWC57_185_N185E12759_ERG_p0.75.qubo.json,MWC57,MWC,185,754.446478128433,False,./run_logs/dwave/embeddings/MWC57.emb.json
./instances/QUBO/MWC348_115_N115E4865_ERG_p0.75.qubo.json,MWC348,MWC,115,59.2482142448425,True,./run_logs/dwave/embeddings/MWC348.emb.json
./instances/QUBO/MWC225_225_N225E18801_ERG_p0.75.qubo.json,MWC225,MWC,225,1015.89556789398,False,./run_logs/dwave/embeddings/MWC225.emb.json
./instances/QUBO/MWC305_235_N235E13696_ERG_p0.5.qubo.json,MWC305,MWC,235,1011.25998258591,False,./run_logs/dwave/embeddings/MWC305.emb.json
./instances/QUBO/MWC210_175_N175E11309_ERG_p0.75.qubo.json,MWC210,MWC,175,644.347959518433,True,./run_logs/dwave/embeddings/MWC210.emb.json
./instances/QUBO/MWC67_225_N225E6367_ERG_p0.25.qubo.json,MWC67,MWC,225,378.53524684906,False,./run_logs/dwave/embeddings/MWC67.emb.json
./instances/QUBO/MWC68_225_N225E12569_ERG_p0.5.qubo.json,MWC68,MWC,225,6728.50141453743,False,./run_logs/dwave/embeddings/MWC68.emb.json
./instances/QUBO/MWC124_155_N155E2946_ERG_p0.25.qubo.json,MWC124,MWC,155,76.3808829784393,True,./run_logs/dwave/embeddings/MWC124.emb.json
./instances/QUBO/MWC53_175_N175E7564_ERG_p0.5.qubo.json,MWC53,MWC,175,285.970050573349,True,./run_logs/dwave/embeddings/MWC53.emb.json
./instances/QUBO/MWC43_145_N145E2639_ERG_p0.25.qubo.json,MWC43,MWC,145,84.6234240531921,True,./run_logs/dwave/embeddings/MWC43.emb.json
./instances/QUBO/MWC59_195_N195E9393_ERG_p0.5.qubo.json,MWC59,MWC,195,480.656146526337,False,./run_logs/dwave/embeddings/MWC59.emb.json
./instances/QUBO/MWC167_35_N35E303_ERG_p0.5.qubo.json,MWC167,MWC,35,2.71062636375427,True,./run_logs/dwave/embeddings/MWC167.emb.json
./instances/QUBO/MWC368_185_N185E8562_ERG_p0.5.qubo.json,MWC368,MWC,185,518.035443544388,False,./run_logs/dwave/embeddings/MWC368.emb.json
./instances/QUBO/MWC88_35_N35E144_ERG_p0.25.qubo.json,MWC88,MWC,35,0.251222848892212,True,./run_logs/dwave/embeddings/MWC88.emb.json
./instances/QUBO/MWC178_75_N75E659_ERG_p0.25.qubo.json,MWC178,MWC,75,15.3574087619781,True,./run_logs/dwave/embeddings/MWC178.emb.json
./instances/QUBO/MWC213_185_N185E12724_ERG_p0.75.qubo.json,MWC213,MWC,185,681.072804450989,False,./run_logs/dwave/embeddings/MWC213.emb.json
./instances/QUBO/MWC66_215_N215E17251_ERG_p0.75.qubo.json,MWC66,MWC,215,795.503113031387,False,./run_logs/dwave/embeddings/MWC66.emb.json
./instances/QUBO/MWC94_55_N55E350_ERG_p0.25.qubo.json,MWC94,MWC,55,1.98366641998291,True,./run_logs/dwave/embeddings/MWC94.emb.json
./instances/QUBO/MWC60_195_N195E14150_ERG_p0.75.qubo.json,MWC60,MWC,195,723.029401779175,False,./run_logs/dwave/embeddings/MWC60.emb.json
./instances/QUBO/MWC201_145_N145E7790_ERG_p0.75.qubo.json,MWC201,MWC,145,259.802468061447,True,./run_logs/dwave/embeddings/MWC201.emb.json
./instances/QUBO/MWC221_215_N215E11489_ERG_p0.5.qubo.json,MWC221,MWC,215,652.785551786423,False,./run_logs/dwave/embeddings/MWC221.emb.json
./instances/QUBO/MWC345_105_N105E4127_ERG_p0.75.qubo.json,MWC345,MWC,105,185.084434986115,True,./run_logs/dwave/embeddings/MWC345.emb.json
./instances/QUBO/MWC22_75_N75E715_ERG_p0.25.qubo.json,MWC22,MWC,75,13.5665526390076,True,./run_logs/dwave/embeddings/MWC22.emb.json
./instances/QUBO/MWC154_255_N255E8124_ERG_p0.25.qubo.json,MWC154,MWC,255,999.248508214951,False,./run_logs/dwave/embeddings/MWC154.emb.json
./instances/QUBO/MWC191_115_N115E3229_ERG_p0.5.qubo.json,MWC191,MWC,115,82.0888817310333,True,./run_logs/dwave/embeddings/MWC191.emb.json
./instances/QUBO/MWC25_85_N85E936_ERG_p0.25.qubo.json,MWC25,MWC,85,16.4840857982636,True,./run_logs/dwave/embeddings/MWC25.emb.json
./instances/QUBO/MWC282_155_N155E8876_ERG_p0.75.qubo.json,MWC282,MWC,155,126.866902589798,True,./run_logs/dwave/embeddings/MWC282.emb.json
./instances/QUBO/MWC317_15_N15E56_ERG_p0.5.qubo.json,MWC317,MWC,15,0.165740251541138,True,./run_logs/dwave/embeddings/MWC317.emb.json
./instances/QUBO/MWC31_105_N105E1400_ERG_p0.25.qubo.json,MWC31,MWC,105,37.4883353710175,True,./run_logs/dwave/embeddings/MWC31.emb.json
./instances/QUBO/MWC164_25_N25E156_ERG_p0.5.qubo.json,MWC164,MWC,25,0.620934724807739,True,./run_logs/dwave/embeddings/MWC164.emb.json
./instances/QUBO/MWC278_145_N145E5158_ERG_p0.5.qubo.json,MWC278,MWC,145,153.636966943741,True,./run_logs/dwave/embeddings/MWC278.emb.json
./instances/QUBO/MWC185_95_N95E2232_ERG_p0.5.qubo.json,MWC185,MWC,95,46.7270214557648,True,./run_logs/dwave/embeddings/MWC185.emb.json
./instances/QUBO/MWC186_95_N95E3338_ERG_p0.75.qubo.json,MWC186,MWC,95,76.1398327350616,True,./run_logs/dwave/embeddings/MWC186.emb.json
./instances/QUBO/MWC80_5_N5E4_ERG_p0.5.qubo.json,MWC80,MWC,5,0.0140008926391602,True,./run_logs/dwave/embeddings/MWC80.emb.json
./instances/QUBO/MWC81_5_N5E8_ERG_p0.75.qubo.json,MWC81,MWC,5,0.016822338104248,True,./run_logs/dwave/embeddings/MWC81.emb.json
./instances/QUBO/MWC200_145_N145E5327_ERG_p0.5.qubo.json,MWC200,MWC,145,172.817944526672,True,./run_logs/dwave/embeddings/MWC200.emb.json
./instances/QUBO/MWC330_55_N55E1133_ERG_p0.75.qubo.json,MWC330,MWC,55,9.11846399307251,True,./run_logs/dwave/embeddings/MWC330.emb.json
./instances/QUBO/MWC141_205_N205E15692_ERG_p0.75.qubo.json,MWC141,MWC,205,1003.01440215111,False,./run_logs/dwave/embeddings/MWC141.emb.json
./instances/QUBO/MWC44_145_N145E5255_ERG_p0.5.qubo.json,MWC44,MWC,145,269.865016698837,True,./run_logs/dwave/embeddings/MWC44.emb.json
./instances/QUBO/MWC335_75_N75E1376_ERG_p0.5.qubo.json,MWC335,MWC,75,47.747903585434,True,./run_logs/dwave/embeddings/MWC335.emb.json
./instances/QUBO/MWC374_205_N205E10319_ERG_p0.5.qubo.json,MWC374,MWC,205,11763.2971127033,False,./run_logs/dwave/embeddings/MWC374.emb.json
./instances/QUBO/MWC267_105_N105E4074_ERG_p0.75.qubo.json,MWC267,MWC,105,66.761373758316,True,./run_logs/dwave/embeddings/MWC267.emb.json
./instances/QUBO/MWC17_55_N55E739_ERG_p0.5.qubo.json,MWC17,MWC,55,15.4999778270721,True,./run_logs/dwave/embeddings/MWC17.emb.json
./instances/QUBO/MWC223_225_N225E6147_ERG_p0.25.qubo.json,MWC223,MWC,225,336.606931209564,False,./run_logs/dwave/embeddings/MWC223.emb.json
./instances/QUBO/MWC125_155_N155E6044_ERG_p0.5.qubo.json,MWC125,MWC,155,222.894283056259,True,./run_logs/dwave/embeddings/MWC125.emb.json
./instances/QUBO/MWC27_85_N85E2661_ERG_p0.75.qubo.json,MWC27,MWC,85,81.9768836498261,True,./run_logs/dwave/embeddings/MWC27.emb.json
./instances/QUBO/MWC331_65_N65E555_ERG_p0.25.qubo.json,MWC331,MWC,65,4.40543437004089,True,./run_logs/dwave/embeddings/MWC331.emb.json
./instances/QUBO/MWC296_205_N205E10496_ERG_p0.5.qubo.json,MWC296,MWC,205,663.123625516892,False,./run_logs/dwave/embeddings/MWC296.emb.json
./instances/QUBO/MWC58_195_N195E4814_ERG_p0.25.qubo.json,MWC58,MWC,195,404.340216636658,False,./run_logs/dwave/embeddings/MWC58.emb.json
./instances/QUBO/MWC21_65_N65E1575_ERG_p0.75.qubo.json,MWC21,MWC,65,31.1148545742035,True,./run_logs/dwave/embeddings/MWC21.emb.json
./instances/QUBO/MWC332_65_N65E1050_ERG_p0.5.qubo.json,MWC332,MWC,65,14.1039161682129,True,./run_logs/dwave/embeddings/MWC332.emb.json
./instances/QUBO/MWC188_105_N105E2749_ERG_p0.5.qubo.json,MWC188,MWC,105,93.2575068473816,True,./run_logs/dwave/embeddings/MWC188.emb.json
./instances/QUBO/MWC333_65_N65E1528_ERG_p0.75.qubo.json,MWC333,MWC,65,26.0587379932404,True,./run_logs/dwave/embeddings/MWC333.emb.json
./instances/QUBO/MWC227_235_N235E13751_ERG_p0.5.qubo.json,MWC227,MWC,235,1012.53127193451,False,./run_logs/dwave/embeddings/MWC227.emb.json
./instances/QUBO/MWC73_245_N245E7518_ERG_p0.25.qubo.json,MWC73,MWC,245,826.390841007233,False,./run_logs/dwave/embeddings/MWC73.emb.json
./instances/QUBO/MWC8_25_N25E146_ERG_p0.5.qubo.json,MWC8,MWC,25,0.335753440856934,True,./run_logs/dwave/embeddings/MWC8.emb.json
./instances/QUBO/MWC175_65_N65E516_ERG_p0.25.qubo.json,MWC175,MWC,65,10.119485616684,True,./run_logs/dwave/embeddings/MWC175.emb.json
./instances/QUBO/MWC358_155_N155E2995_ERG_p0.25.qubo.json,MWC358,MWC,155,52.4126031398773,True,./run_logs/dwave/embeddings/MWC358.emb.json
./instances/QUBO/MWC234_255_N255E24322_ERG_p0.75.qubo.json,MWC234,MWC,255,1016.96264028549,False,./run_logs/dwave/embeddings/MWC234.emb.json
./instances/QUBO/MWC206_165_N165E6811_ERG_p0.5.qubo.json,MWC206,MWC,165,222.459084749222,True,./run_logs/dwave/embeddings/MWC206.emb.json
./instances/QUBO/MWC35_115_N115E3277_ERG_p0.5.qubo.json,MWC35,MWC,115,96.9489359855652,True,./run_logs/dwave/embeddings/MWC35.emb.json
./instances/QUBO/MWC226_235_N235E7011_ERG_p0.25.qubo.json,MWC226,MWC,235,537.509546995163,False,./run_logs/dwave/embeddings/MWC226.emb.json
./instances/QUBO/MWC285_165_N165E10186_ERG_p0.75.qubo.json,MWC285,MWC,165,339.153725385666,True,./run_logs/dwave/embeddings/MWC285.emb.json
./instances/QUBO/MWC219_205_N205E15752_ERG_p0.75.qubo.json,MWC219,MWC,205,754.343060016632,False,./run_logs/dwave/embeddings/MWC219.emb.json
./instances/QUBO/MWC146_225_N225E12679_ERG_p0.5.qubo.json,MWC146,MWC,225,845.317668199539,False,./run_logs/dwave/embeddings/MWC146.emb.json
./instances/QUBO/MWC140_205_N205E10495_ERG_p0.5.qubo.json,MWC140,MWC,205,572.36837553978,False,./run_logs/dwave/embeddings/MWC140.emb.json
./instances/QUBO/MWC194_125_N125E3900_ERG_p0.5.qubo.json,MWC194,MWC,125,51.486522436142,True,./run_logs/dwave/embeddings/MWC194.emb.json
./instances/QUBO/MWC272_125_N125E3822_ERG_p0.5.qubo.json,MWC272,MWC,125,69.5412373542786,True,./run_logs/dwave/embeddings/MWC272.emb.json
./instances/QUBO/MWC263_95_N95E2233_ERG_p0.5.qubo.json,MWC263,MWC,95,46.1420426368713,True,./run_logs/dwave/embeddings/MWC263.emb.json
./instances/QUBO/MWC48_155_N155E8954_ERG_p0.75.qubo.json,MWC48,MWC,155,138.487019777298,True,./run_logs/dwave/embeddings/MWC48.emb.json
./instances/QUBO/MWC369_185_N185E12765_ERG_p0.75.qubo.json,MWC369,MWC,185,662.770438909531,False,./run_logs/dwave/embeddings/MWC369.emb.json
./instances/QUBO/MWC161_15_N15E59_ERG_p0.5.qubo.json,MWC161,MWC,15,0.12123966217041,True,./run_logs/dwave/embeddings/MWC161.emb.json
./instances/QUBO/MWC241_25_N25E77_ERG_p0.25.qubo.json,MWC241,MWC,25,0.125152349472046,True,./run_logs/dwave/embeddings/MWC241.emb.json
./instances/QUBO/MWC189_105_N105E4128_ERG_p0.75.qubo.json,MWC189,MWC,105,164.916211366653,True,./run_logs/dwave/embeddings/MWC189.emb.json
./instances/QUBO/MWC343_105_N105E1331_ERG_p0.25.qubo.json,MWC343,MWC,105,53.9103541374207,True,./run_logs/dwave/embeddings/MWC343.emb.json
./instances/QUBO/MWC322_35_N35E159_ERG_p0.25.qubo.json,MWC322,MWC,35,0.272293567657471,True,./run_logs/dwave/embeddings/MWC322.emb.json
./instances/QUBO/MWC231_245_N245E22432_ERG_p0.75.qubo.json,MWC231,MWC,245,1014.70738506317,False,./run_logs/dwave/embeddings/MWC231.emb.json
./instances/QUBO/MWC367_185_N185E4156_ERG_p0.25.qubo.json,MWC367,MWC,185,115.467649936676,True,./run_logs/dwave/embeddings/MWC367.emb.json
./instances/QUBO/MWC309_245_N245E22454_ERG_p0.75.qubo.json,MWC309,MWC,245,1014.62729620934,False,./run_logs/dwave/embeddings/MWC309.emb.json
./instances/QUBO/MWC196_135_N135E2301_ERG_p0.25.qubo.json,MWC196,MWC,135,45.5121030807495,True,./run_logs/dwave/embeddings/MWC196.emb.json
./instances/QUBO/MWC315_5_N5E5_ERG_p0.75.qubo.json,MWC315,MWC,5,0.0121264457702637,True,./run_logs/dwave/embeddings/MWC315.emb.json
./instances/QUBO/MWC362_165_N165E6762_ERG_p0.5.qubo.json,MWC362,MWC,165,309.754646778107,True,./run_logs/dwave/embeddings/MWC362.emb.json
./instances/QUBO/MWC244_35_N35E150_ERG_p0.25.qubo.json,MWC244,MWC,35,0.459300041198731,True,./run_logs/dwave/embeddings/MWC244.emb.json
./instances/QUBO/MWC113_115_N115E3293_ERG_p0.5.qubo.json,MWC113,MWC,115,77.5556273460388,True,./run_logs/dwave/embeddings/MWC113.emb.json
./instances/QUBO/MWC228_235_N235E20634_ERG_p0.75.qubo.json,MWC228,MWC,235,1018.80924844742,False,./run_logs/dwave/embeddings/MWC228.emb.json
./instances/QUBO/MWC324_35_N35E450_ERG_p0.75.qubo.json,MWC324,MWC,35,2.16581559181213,True,./run_logs/dwave/embeddings/MWC324.emb.json
./instances/QUBO/MWC370_195_N195E4740_ERG_p0.25.qubo.json,MWC370,MWC,195,343.549288749695,False,./run_logs/dwave/embeddings/MWC370.emb.json
./instances/QUBO/MWC139_205_N205E5246_ERG_p0.25.qubo.json,MWC139,MWC,205,334.5151283741,False,./run_logs/dwave/embeddings/MWC139.emb.json
./instances/QUBO/MWC6_15_N15E79_ERG_p0.75.qubo.json,MWC6,MWC,15,0.141954660415649,True,./run_logs/dwave/embeddings/MWC6.emb.json
./instances/QUBO/MWC275_135_N135E4533_ERG_p0.5.qubo.json,MWC275,MWC,135,105.834648132324,True,./run_logs/dwave/embeddings/MWC275.emb.json
./instances/QUBO/MWC265_105_N105E1332_ERG_p0.25.qubo.json,MWC265,MWC,105,30.9844353199005,True,./run_logs/dwave/embeddings/MWC265.emb.json
./instances/QUBO/MWC138_195_N195E14270_ERG_p0.75.qubo.json,MWC138,MWC,195,691.724359512329,False,./run_logs/dwave/embeddings/MWC138.emb.json
./instances/QUBO/MWC12_35_N35E464_ERG_p0.75.qubo.json,MWC12,MWC,35,1.44958472251892,True,./run_logs/dwave/embeddings/MWC12.emb.json
./instances/QUBO/MWC135_185_N185E12781_ERG_p0.75.qubo.json,MWC135,MWC,185,687.046530008316,False,./run_logs/dwave/embeddings/MWC135.emb.json
./instances/QUBO/MWC216_195_N195E14261_ERG_p0.75.qubo.json,MWC216,MWC,195,681.801296949387,False,./run_logs/dwave/embeddings/MWC216.emb.json
./instances/QUBO/MWC7_25_N25E75_ERG_p0.25.qubo.json,MWC7,MWC,25,0.114157915115356,True,./run_logs/dwave/embeddings/MWC7.emb.json
./instances/QUBO/MWC337_85_N85E912_ERG_p0.25.qubo.json,MWC337,MWC,85,13.9027569293976,True,./run_logs/dwave/embeddings/MWC337.emb.json
./instances/QUBO/MWC89_35_N35E305_ERG_p0.5.qubo.json,MWC89,MWC,35,1.1999249458313,True,./run_logs/dwave/embeddings/MWC89.emb.json
./instances/QUBO/MWC150_235_N235E20501_ERG_p0.75.qubo.json,MWC150,MWC,235,1014.55495500565,False,./run_logs/dwave/embeddings/MWC150.emb.json
./instances/QUBO/MWC109_105_N105E1329_ERG_p0.25.qubo.json,MWC109,MWC,105,35.5694415569305,True,./run_logs/dwave/embeddings/MWC109.emb.json
./instances/QUBO/MWC197_135_N135E4533_ERG_p0.5.qubo.json,MWC197,MWC,135,115.708840370178,True,./run_logs/dwave/embeddings/MWC197.emb.json
./instances/QUBO/MWC287_175_N175E7578_ERG_p0.5.qubo.json,MWC287,MWC,175,752.101298809052,True,./run_logs/dwave/embeddings/MWC287.emb.json
./instances/QUBO/MWC254_65_N65E1039_ERG_p0.5.qubo.json,MWC254,MWC,65,8.70803642272949,True,./run_logs/dwave/embeddings/MWC254.emb.json
./instances/QUBO/MWC151_245_N245E7441_ERG_p0.25.qubo.json,MWC151,MWC,245,593.339823246002,False,./run_logs/dwave/embeddings/MWC151.emb.json
./instances/QUBO/MWC50_165_N165E6765_ERG_p0.5.qubo.json,MWC50,MWC,165,161.407076597214,True,./run_logs/dwave/embeddings/MWC50.emb.json
./instances/QUBO/MWC248_45_N45E522_ERG_p0.5.qubo.json,MWC248,MWC,45,3.27720665931702,True,./run_logs/dwave/embeddings/MWC248.emb.json
./instances/QUBO/MWC78_255_N255E24196_ERG_p0.75.qubo.json,MWC78,MWC,255,1018.43932771683,False,./run_logs/dwave/embeddings/MWC78.emb.json
./instances/QUBO/MWC2_5_N5E6_ERG_p0.5.qubo.json,MWC2,MWC,5,0.0125575065612793,True,./run_logs/dwave/embeddings/MWC2.emb.json
./instances/QUBO/MWC288_175_N175E11362_ERG_p0.75.qubo.json,MWC288,MWC,175,717.41585111618,False,./run_logs/dwave/embeddings/MWC288.emb.json
./instances/QUBO/MWC334_75_N75E694_ERG_p0.25.qubo.json,MWC334,MWC,75,6.62563323974609,True,./run_logs/dwave/embeddings/MWC334.emb.json
./instances/QUBO/MWC11_35_N35E306_ERG_p0.5.qubo.json,MWC11,MWC,35,2.40538716316223,True,./run_logs/dwave/embeddings/MWC11.emb.json
./instances/QUBO/MWC116_125_N125E3843_ERG_p0.5.qubo.json,MWC116,MWC,125,152.089057922363,True,./run_logs/dwave/embeddings/MWC116.emb.json
./instances/QUBO/MWC115_125_N125E1986_ERG_p0.25.qubo.json,MWC115,MWC,125,58.6593136787415,True,./run_logs/dwave/embeddings/MWC115.emb.json
./instances/QUBO/MWC347_115_N115E3286_ERG_p0.5.qubo.json,MWC347,MWC,115,45.7674648761749,True,./run_logs/dwave/embeddings/MWC347.emb.json
./instances/QUBO/MWC212_185_N185E8479_ERG_p0.5.qubo.json,MWC212,MWC,185,498.629882097244,False,./run_logs/dwave/embeddings/MWC212.emb.json
./instances/QUBO/MWC32_105_N105E2721_ERG_p0.5.qubo.json,MWC32,MWC,105,65.575261592865,True,./run_logs/dwave/embeddings/MWC32.emb.json
./instances/QUBO/MWC356_145_N145E5237_ERG_p0.5.qubo.json,MWC356,MWC,145,91.8181209564209,True,./run_logs/dwave/embeddings/MWC356.emb.json
./instances/QUBO/MWC311_255_N255E16018_ERG_p0.5.qubo.json,MWC311,MWC,255,1001.7578523159,False,./run_logs/dwave/embeddings/MWC311.emb.json
./instances/QUBO/MWC328_55_N55E364_ERG_p0.25.qubo.json,MWC328,MWC,55,1.76995444297791,True,./run_logs/dwave/embeddings/MWC328.emb.json
./instances/QUBO/MWC179_75_N75E1383_ERG_p0.5.qubo.json,MWC179,MWC,75,24.0540463924408,True,./run_logs/dwave/embeddings/MWC179.emb.json
./instances/QUBO/MWC96_55_N55E1123_ERG_p0.75.qubo.json,MWC96,MWC,55,6.95249271392822,True,./run_logs/dwave/embeddings/MWC96.emb.json
./instances/QUBO/MWC92_45_N45E484_ERG_p0.5.qubo.json,MWC92,MWC,45,1.95893049240112,True,./run_logs/dwave/embeddings/MWC92.emb.json
./instances/QUBO/MWC289_185_N185E4335_ERG_p0.25.qubo.json,MWC289,MWC,185,330.780512332916,True,./run_logs/dwave/embeddings/MWC289.emb.json
./instances/QUBO/MWC246_35_N35E446_ERG_p0.75.qubo.json,MWC246,MWC,35,2.17171311378479,True,./run_logs/dwave/embeddings/MWC246.emb.json
./instances/QUBO/MWC117_125_N125E5837_ERG_p0.75.qubo.json,MWC117,MWC,125,210.330064058304,True,./run_logs/dwave/embeddings/MWC117.emb.json
./instances/QUBO/MWC56_185_N185E8453_ERG_p0.5.qubo.json,MWC56,MWC,185,562.286662578583,False,./run_logs/dwave/embeddings/MWC56.emb.json
./instances/QUBO/MWC245_35_N35E267_ERG_p0.5.qubo.json,MWC245,MWC,35,1.8911406993866,True,./run_logs/dwave/embeddings/MWC245.emb.json
./instances/QUBO/MWC37_125_N125E1999_ERG_p0.25.qubo.json,MWC37,MWC,125,58.2552332878113,True,./run_logs/dwave/embeddings/MWC37.emb.json
./instances/QUBO/MWC346_115_N115E1648_ERG_p0.25.qubo.json,MWC346,MWC,115,51.3488864898682,True,./run_logs/dwave/embeddings/MWC346.emb.json
./instances/QUBO/MWC128_165_N165E6770_ERG_p0.5.qubo.json,MWC128,MWC,165,171.895423173904,True,./run_logs/dwave/embeddings/MWC128.emb.json
./instances/QUBO/MWC85_25_N25E78_ERG_p0.25.qubo.json,MWC85,MWC,25,0.114088296890259,True,./run_logs/dwave/embeddings/MWC85.emb.json
./instances/QUBO/MWC55_185_N185E4254_ERG_p0.25.qubo.json,MWC55,MWC,185,123.455788850784,True,./run_logs/dwave/embeddings/MWC55.emb.json
./instances/QUBO/MWC65_215_N215E11547_ERG_p0.5.qubo.json,MWC65,MWC,215,777.31401348114,False,./run_logs/dwave/embeddings/MWC65.emb.json
./instances/QUBO/MWC110_105_N105E2750_ERG_p0.5.qubo.json,MWC110,MWC,105,50.7465274333954,True,./run_logs/dwave/embeddings/MWC110.emb.json
./instances/QUBO/MWC47_155_N155E6056_ERG_p0.5.qubo.json,MWC47,MWC,155,148.770744800568,True,./run_logs/dwave/embeddings/MWC47.emb.json
./instances/QUBO/MWC97_65_N65E522_ERG_p0.25.qubo.json,MWC97,MWC,65,5.83010172843933,True,./run_logs/dwave/embeddings/MWC97.emb.json
./instances/QUBO/MWC102_75_N75E2058_ERG_p0.75.qubo.json,MWC102,MWC,75,27.204962015152,True,./run_logs/dwave/embeddings/MWC102.emb.json
./instances/QUBO/MWC253_65_N65E497_ERG_p0.25.qubo.json,MWC253,MWC,65,4.27494716644287,True,./run_logs/dwave/embeddings/MWC253.emb.json
./instances/QUBO/MWC250_55_N55E369_ERG_p0.25.qubo.json,MWC250,MWC,55,1.88056635856628,True,./run_logs/dwave/embeddings/MWC250.emb.json
./instances/QUBO/MWC4_15_N15E33_ERG_p0.25.qubo.json,MWC4,MWC,15,0.0347516536712646,True,./run_logs/dwave/embeddings/MWC4.emb.json
./instances/QUBO/MWC121_145_N145E2601_ERG_p0.25.qubo.json,MWC121,MWC,145,61.1781718730927,True,./run_logs/dwave/embeddings/MWC121.emb.json
./instances/QUBO/MWC137_195_N195E9509_ERG_p0.5.qubo.json,MWC137,MWC,195,509.055826425552,False,./run_logs/dwave/embeddings/MWC137.emb.json
./instances/QUBO/MWC77_255_N255E16159_ERG_p0.5.qubo.json,MWC77,MWC,255,1006.35571146011,False,./run_logs/dwave/embeddings/MWC77.emb.json
./instances/QUBO/MWC273_125_N125E5787_ERG_p0.75.qubo.json,MWC273,MWC,125,65.3712122440338,True,./run_logs/dwave/embeddings/MWC273.emb.json
./instances/QUBO/MWC359_155_N155E5944_ERG_p0.5.qubo.json,MWC359,MWC,155,193.996112346649,True,./run_logs/dwave/embeddings/MWC359.emb.json
./instances/QUBO/MWC134_185_N185E8441_ERG_p0.5.qubo.json,MWC134,MWC,185,533.981147289276,False,./run_logs/dwave/embeddings/MWC134.emb.json
./instances/QUBO/MWC314_5_N5E5_ERG_p0.5.qubo.json,MWC314,MWC,5,0.0128557682037354,True,./run_logs/dwave/embeddings/MWC314.emb.json
./instances/QUBO/UDMIS019EXT_60_N60_W1.0_R0.1.qubo.json,UDMIS019EXT,UDMIS,60,0.0571498870849609,True,./run_logs/dwave/embeddings/UDMIS019EXT.emb.json
./instances/QUBO/UDMIS056EXT_60_N60_W1.0_R0.2.qubo.json,UDMIS056EXT,UDMIS,60,0.111820220947266,True,./run_logs/dwave/embeddings/UDMIS056EXT.emb.json
./instances/QUBO/UDMIS033EXT_100_N100_W1.0_R0.1.qubo.json,UDMIS033EXT,UDMIS,100,0.145293951034546,True,./run_logs/dwave/embeddings/UDMIS033EXT.emb.json
./instances/QUBO/UDMIS086EXT_40_N40_W1.0_R0.2.qubo.json,UDMIS086EXT,UDMIS,40,0.0659410953521729,True,./run_logs/dwave/embeddings/UDMIS086EXT.emb.json
./instances/QUBO/UDMIS013EXT_40_N40_W1.0_R0.2.qubo.json,UDMIS013EXT,UDMIS,40,0.0351972579956055,True,./run_logs/dwave/embeddings/UDMIS013EXT.emb.json
./instances/QUBO/UDMIS069EXT_100_N100_W1.0_R0.1.qubo.json,UDMIS069EXT,UDMIS,100,0.338384628295898,True,./run_logs/dwave/embeddings/UDMIS069EXT.emb.json
./instances/QUBO/UDMIS053EXT_49_N49_W1.0_R0.2.qubo.json,UDMIS053EXT,UDMIS,49,0.0877151489257813,True,./run_logs/dwave/embeddings/UDMIS053EXT.emb.json
./instances/QUBO/UDMIS097EXT_80_N80_W1.0_R0.2.qubo.json,UDMIS097EXT,UDMIS,80,0.541153192520142,True,./run_logs/dwave/embeddings/UDMIS097EXT.emb.json
./instances/QUBO/UDMIS098EXT_80_N80_W1.0_R0.2.qubo.json,UDMIS098EXT,UDMIS,80,0.263604402542114,True,./run_logs/dwave/embeddings/UDMIS098EXT.emb.json
./instances/QUBO/UDMIS032EXT_100_N100_W1.0_R0.1.qubo.json,UDMIS032EXT,UDMIS,100,0.127116441726685,True,./run_logs/dwave/embeddings/UDMIS032EXT.emb.json
./instances/QUBO/UDMIS004EXT_25_N25_W1.0_R0.2.qubo.json,UDMIS004EXT,UDMIS,25,0.0269925594329834,True,./run_logs/dwave/embeddings/UDMIS004EXT.emb.json
./instances/QUBO/UDMIS011EXT_36_N36_W1.0_R0.2.qubo.json,UDMIS011EXT,UDMIS,36,0.0411281585693359,True,./run_logs/dwave/embeddings/UDMIS011EXT.emb.json
./instances/QUBO/UDMIS036EXT_120_N120_W1.0_R0.1.qubo.json,UDMIS036EXT,UDMIS,120,0.160144805908203,True,./run_logs/dwave/embeddings/UDMIS036EXT.emb.json
./instances/QUBO/UDMIS046EXT_36_N36_W1.0_R0.2.qubo.json,UDMIS046EXT,UDMIS,36,0.0717549324035645,True,./run_logs/dwave/embeddings/UDMIS046EXT.emb.json
./instances/QUBO/UDMIS075EXT_15_N15_W1.0_R0.4.qubo.json,UDMIS075EXT,UDMIS,15,0.0231573581695557,True,./run_logs/dwave/embeddings/UDMIS075EXT.emb.json
./instances/QUBO/UDMIS008EXT_30_N30_W1.0_R0.2.qubo.json,UDMIS008EXT,UDMIS,30,0.0314574241638184,True,./run_logs/dwave/embeddings/UDMIS008EXT.emb.json
./instances/QUBO/UDMIS016EXT_49_N49_W1.0_R0.2.qubo.json,UDMIS016EXT,UDMIS,49,0.051156759262085,True,./run_logs/dwave/embeddings/UDMIS016EXT.emb.json
./instances/QUBO/UDMIS041EXT_25_N25_W1.0_R0.2.qubo.json,UDMIS041EXT,UDMIS,25,0.0427606105804443,True,./run_logs/dwave/embeddings/UDMIS041EXT.emb.json
./instances/QUBO/UDMIS081EXT_30_N30_W1.0_R0.3.qubo.json,UDMIS081EXT,UDMIS,30,0.0521984100341797,True,./run_logs/dwave/embeddings/UDMIS081EXT.emb.json
./instances/QUBO/UDMIS048EXT_36_N36_W1.0_R0.2.qubo.json,UDMIS048EXT,UDMIS,36,0.113747119903564,True,./run_logs/dwave/embeddings/UDMIS048EXT.emb.json
./instances/QUBO/UDMIS080EXT_30_N30_W1.0_R0.3.qubo.json,UDMIS080EXT,UDMIS,30,0.0536751747131348,True,./run_logs/dwave/embeddings/UDMIS080EXT.emb.json
./instances/QUBO/UDMIS040EXT_25_N25_W1.0_R0.2.qubo.json,UDMIS040EXT,UDMIS,25,0.0429427623748779,True,./run_logs/dwave/embeddings/UDMIS040EXT.emb.json
./instances/QUBO/UDMIS060EXT_70_N70_W1.0_R0.1.qubo.json,UDMIS060EXT,UDMIS,70,0.135961771011353,True,./run_logs/dwave/embeddings/UDMIS060EXT.emb.json
./instances/QUBO/UDMIS018EXT_49_N49_W1.0_R0.2.qubo.json,UDMIS018EXT,UDMIS,49,0.0470836162567139,True,./run_logs/dwave/embeddings/UDMIS018EXT.emb.json
./instances/QUBO/UDMIS044EXT_30_N30_W1.0_R0.2.qubo.json,UDMIS044EXT,UDMIS,30,0.050222635269165,True,./run_logs/dwave/embeddings/UDMIS044EXT.emb.json
./instances/QUBO/UDMIS088EXT_49_N49_W1.0_R0.2.qubo.json,UDMIS088EXT,UDMIS,49,0.10771656036377,True,./run_logs/dwave/embeddings/UDMIS088EXT.emb.json
./instances/QUBO/UDMIS035EXT_120_N120_W1.0_R0.1.qubo.json,UDMIS035EXT,UDMIS,120,0.13755464553833,True,./run_logs/dwave/embeddings/UDMIS035EXT.emb.json
./instances/QUBO/UDMIS106EXT_120_N120_W1.0_R0.2.qubo.json,UDMIS106EXT,UDMIS,120,1.16668200492859,True,./run_logs/dwave/embeddings/UDMIS106EXT.emb.json
./instances/QUBO/UDMIS092EXT_60_N60_W1.0_R0.2.qubo.json,UDMIS092EXT,UDMIS,60,0.14480447769165,True,./run_logs/dwave/embeddings/UDMIS092EXT.emb.json
./instances/QUBO/UDMIS002EXT_15_N15_W1.0_R0.2.qubo.json,UDMIS002EXT,UDMIS,15,0.0167803764343262,True,./run_logs/dwave/embeddings/UDMIS002EXT.emb.json
./instances/QUBO/UDMIS083EXT_36_N36_W1.0_R0.3.qubo.json,UDMIS083EXT,UDMIS,36,0.0910768508911133,True,./run_logs/dwave/embeddings/UDMIS083EXT.emb.json
./instances/QUBO/UDMIS049EXT_40_N40_W1.0_R0.2.qubo.json,UDMIS049EXT,UDMIS,40,0.0703339576721191,True,./run_logs/dwave/embeddings/UDMIS049EXT.emb.json
./instances/QUBO/UDMIS073EXT_15_N15_W1.0_R0.4.qubo.json,UDMIS073EXT,UDMIS,15,0.0231523513793945,True,./run_logs/dwave/embeddings/UDMIS073EXT.emb.json
./instances/QUBO/UDMIS028EXT_90_N90_W1.0_R0.1.qubo.json,UDMIS028EXT,UDMIS,90,0.0918278694152832,True,./run_logs/dwave/embeddings/UDMIS028EXT.emb.json
./instances/QUBO/UDMIS059EXT_70_N70_W1.0_R0.1.qubo.json,UDMIS059EXT,UDMIS,70,0.308821678161621,True,./run_logs/dwave/embeddings/UDMIS059EXT.emb.json
./instances/QUBO/UDMIS078EXT_25_N25_W1.0_R0.3.qubo.json,UDMIS078EXT,UDMIS,25,0.0458204746246338,True,./run_logs/dwave/embeddings/UDMIS078EXT.emb.json
./instances/QUBO/UDMIS103EXT_100_N100_W1.0_R0.2.qubo.json,UDMIS103EXT,UDMIS,100,0.252770900726318,True,./run_logs/dwave/embeddings/UDMIS103EXT.emb.json
./instances/QUBO/UDMIS100EXT_90_N90_W1.0_R0.2.qubo.json,UDMIS100EXT,UDMIS,90,0.295431137084961,True,./run_logs/dwave/embeddings/UDMIS100EXT.emb.json
./instances/QUBO/UDMIS068EXT_100_N100_W1.0_R0.1.qubo.json,UDMIS068EXT,UDMIS,100,0.36174201965332,True,./run_logs/dwave/embeddings/UDMIS068EXT.emb.json
./instances/QUBO/UDMIS087EXT_40_N40_W1.0_R0.2.qubo.json,UDMIS087EXT,UDMIS,40,0.0574913024902344,True,./run_logs/dwave/embeddings/UDMIS087EXT.emb.json
./instances/QUBO/UDMIS8TG_80_N80_W1.0_R0.1.qubo.json,UDMIS8TG,UDMIS,80,0.120822191238403,True,./run_logs/dwave/embeddings/UDMIS8TG.emb.json
./instances/QUBO/UDMIS094EXT_70_N70_W1.0_R0.2.qubo.json,UDMIS094EXT,UDMIS,70,0.141313552856445,True,./run_logs/dwave/embeddings/UDMIS094EXT.emb.json
./instances/QUBO/UDMIS3TG_25_N25_W1.0_R0.3.qubo.json,UDMIS3TG,UDMIS,25,0.0624017715454102,True,./run_logs/dwave/embeddings/UDMIS3TG.emb.json
./instances/QUBO/UDMIS2TG_15_N15_W1.0_R0.3.qubo.json,UDMIS2TG,UDMIS,15,0.0248174667358398,True,./run_logs/dwave/embeddings/UDMIS2TG.emb.json
./instances/QUBO/UDMIS7TG_30_N30_W1.0_R0.1.qubo.json,UDMIS7TG,UDMIS,30,0.0184054374694824,True,./run_logs/dwave/embeddings/UDMIS7TG.emb.json
./instances/QUBO/UDMIS101EXT_90_N90_W1.0_R0.2.qubo.json,UDMIS101EXT,UDMIS,90,0.57776403427124,True,./run_logs/dwave/embeddings/UDMIS101EXT.emb.json
./instances/QUBO/UDMIS001EXT_15_N15_W1.0_R0.2.qubo.json,UDMIS001EXT,UDMIS,15,0.0180113315582275,True,./run_logs/dwave/embeddings/UDMIS001EXT.emb.json
./instances/QUBO/UDMIS079EXT_30_N30_W1.0_R0.3.qubo.json,UDMIS079EXT,UDMIS,30,0.0453550815582275,True,./run_logs/dwave/embeddings/UDMIS079EXT.emb.json
./instances/QUBO/UDMIS072EXT_120_N120_W1.0_R0.1.qubo.json,UDMIS072EXT,UDMIS,120,0.942856788635254,True,./run_logs/dwave/embeddings/UDMIS072EXT.emb.json
./instances/QUBO/UDMIS104EXT_100_N100_W1.0_R0.2.qubo.json,UDMIS104EXT,UDMIS,100,0.325652837753296,True,./run_logs/dwave/embeddings/UDMIS104EXT.emb.json
./instances/QUBO/UDMIS066EXT_90_N90_W1.0_R0.1.qubo.json,UDMIS066EXT,UDMIS,90,0.25869607925415,True,./run_logs/dwave/embeddings/UDMIS066EXT.emb.json
./instances/QUBO/UDMIS007EXT_30_N30_W1.0_R0.2.qubo.json,UDMIS007EXT,UDMIS,30,0.0267908573150635,True,./run_logs/dwave/embeddings/UDMIS007EXT.emb.json
./instances/QUBO/UDMIS029EXT_90_N90_W1.0_R0.1.qubo.json,UDMIS029EXT,UDMIS,90,0.111392259597778,True,./run_logs/dwave/embeddings/UDMIS029EXT.emb.json
./instances/QUBO/UDMIS037EXT_15_N15_W1.0_R0.3.qubo.json,UDMIS037EXT,UDMIS,15,0.022538423538208,True,./run_logs/dwave/embeddings/UDMIS037EXT.emb.json
./instances/QUBO/UDMIS082EXT_36_N36_W1.0_R0.3.qubo.json,UDMIS082EXT,UDMIS,36,0.0679447650909424,True,./run_logs/dwave/embeddings/UDMIS082EXT.emb.json
./instances/QUBO/UDMIS9TG_150_N150_W1.0_R0.1.qubo.json,UDMIS9TG,UDMIS,150,0.61878776550293,True,./run_logs/dwave/embeddings/UDMIS9TG.emb.json
./instances/QUBO/UDMIS5TG_30_N30_W1.0_R0.2.qubo.json,UDMIS5TG,UDMIS,30,0.0354609489440918,True,./run_logs/dwave/embeddings/UDMIS5TG.emb.json
./instances/QUBO/UDMIS023EXT_70_N70_W1.0_R0.1.qubo.json,UDMIS023EXT,UDMIS,70,0.0701894760131836,True,./run_logs/dwave/embeddings/UDMIS023EXT.emb.json
./instances/QUBO/UDMIS021EXT_60_N60_W1.0_R0.1.qubo.json,UDMIS021EXT,UDMIS,60,0.0586056709289551,True,./run_logs/dwave/embeddings/UDMIS021EXT.emb.json
./instances/QUBO/UDMIS064EXT_90_N90_W1.0_R0.1.qubo.json,UDMIS064EXT,UDMIS,90,0.17541241645813,True,./run_logs/dwave/embeddings/UDMIS064EXT.emb.json
./instances/QUBO/UDMIS026EXT_80_N80_W1.0_R0.1.qubo.json,UDMIS026EXT,UDMIS,80,0.0897705554962158,True,./run_logs/dwave/embeddings/UDMIS026EXT.emb.json
./instances/QUBO/UDMIS108EXT_120_N120_W1.0_R0.2.qubo.json,UDMIS108EXT,UDMIS,120,0.355317115783691,True,./run_logs/dwave/embeddings/UDMIS108EXT.emb.json
./instances/QUBO/UDMIS051EXT_40_N40_W1.0_R0.2.qubo.json,UDMIS051EXT,UDMIS,40,0.0609531402587891,True,./run_logs/dwave/embeddings/UDMIS051EXT.emb.json
./instances/QUBO/UDMIS065EXT_90_N90_W1.0_R0.1.qubo.json,UDMIS065EXT,UDMIS,90,0.337201356887817,True,./run_logs/dwave/embeddings/UDMIS065EXT.emb.json
./instances/QUBO/UDMIS058EXT_70_N70_W1.0_R0.1.qubo.json,UDMIS058EXT,UDMIS,70,0.133892774581909,True,./run_logs/dwave/embeddings/UDMIS058EXT.emb.json
./instances/QUBO/UDMIS067EXT_100_N100_W1.0_R0.1.qubo.json,UDMIS067EXT,UDMIS,100,0.654093742370606,True,./run_logs/dwave/embeddings/UDMIS067EXT.emb.json
./instances/QUBO/UDMIS039EXT_15_N15_W1.0_R0.3.qubo.json,UDMIS039EXT,UDMIS,15,0.0245072841644287,True,./run_logs/dwave/embeddings/UDMIS039EXT.emb.json
./instances/QUBO/UDMIS052EXT_49_N49_W1.0_R0.2.qubo.json,UDMIS052EXT,UDMIS,49,0.0913615226745606,True,./run_logs/dwave/embeddings/UDMIS052EXT.emb.json
./instances/QUBO/UDMIS091EXT_60_N60_W1.0_R0.2.qubo.json,UDMIS091EXT,UDMIS,60,0.163986682891846,True,./run_logs/dwave/embeddings/UDMIS091EXT.emb.json
./instances/QUBO/UDMIS057EXT_60_N60_W1.0_R0.2.qubo.json,UDMIS057EXT,UDMIS,60,0.157959938049316,True,./run_logs/dwave/embeddings/UDMIS057EXT.emb.json
./instances/QUBO/UDMIS024EXT_70_N70_W1.0_R0.1.qubo.json,UDMIS024EXT,UDMIS,70,0.0751521587371826,True,./run_logs/dwave/embeddings/UDMIS024EXT.emb.json
./instances/QUBO/UDMIS042EXT_25_N25_W1.0_R0.2.qubo.json,UDMIS042EXT,UDMIS,25,0.0408022403717041,True,./run_logs/dwave/embeddings/UDMIS042EXT.emb.json
./instances/QUBO/UDMIS020EXT_60_N60_W1.0_R0.1.qubo.json,UDMIS020EXT,UDMIS,60,0.0654811859130859,True,./run_logs/dwave/embeddings/UDMIS020EXT.emb.json
./instances/QUBO/UDMIS096EXT_70_N70_W1.0_R0.2.qubo.json,UDMIS096EXT,UDMIS,70,0.191243886947632,True,./run_logs/dwave/embeddings/UDMIS096EXT.emb.json
./instances/QUBO/UDMIS005EXT_25_N25_W1.0_R0.2.qubo.json,UDMIS005EXT,UDMIS,25,0.0280742645263672,True,./run_logs/dwave/embeddings/UDMIS005EXT.emb.json
./instances/QUBO/UDMIS009EXT_30_N30_W1.0_R0.2.qubo.json,UDMIS009EXT,UDMIS,30,0.0291390419006348,True,./run_logs/dwave/embeddings/UDMIS009EXT.emb.json
./instances/QUBO/UDMIS054EXT_49_N49_W1.0_R0.2.qubo.json,UDMIS054EXT,UDMIS,49,0.108394145965576,True,./run_logs/dwave/embeddings/UDMIS054EXT.emb.json
./instances/QUBO/UDMIS089EXT_49_N49_W1.0_R0.2.qubo.json,UDMIS089EXT,UDMIS,49,0.101892232894897,True,./run_logs/dwave/embeddings/UDMIS089EXT.emb.json
./instances/QUBO/UDMIS093EXT_60_N60_W1.0_R0.2.qubo.json,UDMIS093EXT,UDMIS,60,0.166600227355957,True,./run_logs/dwave/embeddings/UDMIS093EXT.emb.json
./instances/QUBO/UDMIS022EXT_70_N70_W1.0_R0.1.qubo.json,UDMIS022EXT,UDMIS,70,0.069080114364624,True,./run_logs/dwave/embeddings/UDMIS022EXT.emb.json
./instances/QUBO/UDMIS015EXT_40_N40_W1.0_R0.2.qubo.json,UDMIS015EXT,UDMIS,40,0.0352611541748047,True,./run_logs/dwave/embeddings/UDMIS015EXT.emb.json
./instances/QUBO/UDMIS070EXT_120_N120_W1.0_R0.1.qubo.json,UDMIS070EXT,UDMIS,120,0.726744651794434,True,./run_logs/dwave/embeddings/UDMIS070EXT.emb.json
./instances/QUBO/UDMIS085EXT_40_N40_W1.0_R0.2.qubo.json,UDMIS085EXT,UDMIS,40,0.0696284770965576,True,./run_logs/dwave/embeddings/UDMIS085EXT.emb.json
./instances/QUBO/UDMIS062EXT_80_N80_W1.0_R0.1.qubo.json,UDMIS062EXT,UDMIS,80,0.324610710144043,True,./run_logs/dwave/embeddings/UDMIS062EXT.emb.json
./instances/QUBO/UDMIS043EXT_30_N30_W1.0_R0.2.qubo.json,UDMIS043EXT,UDMIS,30,0.0500154495239258,True,./run_logs/dwave/embeddings/UDMIS043EXT.emb.json
./instances/QUBO/UDMIS063EXT_80_N80_W1.0_R0.1.qubo.json,UDMIS063EXT,UDMIS,80,0.325393676757812,True,./run_logs/dwave/embeddings/UDMIS063EXT.emb.json
./instances/QUBO/UDMIS034EXT_120_N120_W1.0_R0.1.qubo.json,UDMIS034EXT,UDMIS,120,0.160087108612061,True,./run_logs/dwave/embeddings/UDMIS034EXT.emb.json
./instances/QUBO/UDMIS055EXT_60_N60_W1.0_R0.2.qubo.json,UDMIS055EXT,UDMIS,60,0.14117693901062,True,./run_logs/dwave/embeddings/UDMIS055EXT.emb.json
./instances/QUBO/UDMIS099EXT_80_N80_W1.0_R0.2.qubo.json,UDMIS099EXT,UDMIS,80,0.239224195480347,True,./run_logs/dwave/embeddings/UDMIS099EXT.emb.json
./instances/QUBO/UDMIS077EXT_25_N25_W1.0_R0.3.qubo.json,UDMIS077EXT,UDMIS,25,0.0411412715911865,True,./run_logs/dwave/embeddings/UDMIS077EXT.emb.json
./instances/QUBO/UDMIS027EXT_80_N80_W1.0_R0.1.qubo.json,UDMIS027EXT,UDMIS,80,0.0960879325866699,True,./run_logs/dwave/embeddings/UDMIS027EXT.emb.json
./instances/QUBO/UDMIS047EXT_36_N36_W1.0_R0.2.qubo.json,UDMIS047EXT,UDMIS,36,0.0804257392883301,True,./run_logs/dwave/embeddings/UDMIS047EXT.emb.json
./instances/QUBO/UDMIS107EXT_120_N120_W1.0_R0.2.qubo.json,UDMIS107EXT,UDMIS,120,0.651504755020142,True,./run_logs/dwave/embeddings/UDMIS107EXT.emb.json
./instances/QUBO/UDMIS045EXT_30_N30_W1.0_R0.2.qubo.json,UDMIS045EXT,UDMIS,30,0.056673526763916,True,./run_logs/dwave/embeddings/UDMIS045EXT.emb.json
./instances/QUBO/UDMIS012EXT_36_N36_W1.0_R0.2.qubo.json,UDMIS012EXT,UDMIS,36,0.0390579700469971,True,./run_logs/dwave/embeddings/UDMIS012EXT.emb.json
./instances/QUBO/UDMIS025EXT_80_N80_W1.0_R0.1.qubo.json,UDMIS025EXT,UDMIS,80,0.0908350944519043,True,./run_logs/dwave/embeddings/UDMIS025EXT.emb.json
./instances/QUBO/UDMIS1TG_8_N8_W1.0_R0.3.qubo.json,UDMIS1TG,UDMIS,8,0.0127918720245361,True,./run_logs/dwave/embeddings/UDMIS1TG.emb.json
./instances/QUBO/UDMIS014EXT_40_N40_W1.0_R0.2.qubo.json,UDMIS014EXT,UDMIS,40,0.0371031761169434,True,./run_logs/dwave/embeddings/UDMIS014EXT.emb.json
./instances/QUBO/UDMIS038EXT_15_N15_W1.0_R0.3.qubo.json,UDMIS038EXT,UDMIS,15,0.0260539054870605,True,./run_logs/dwave/embeddings/UDMIS038EXT.emb.json
./instances/QUBO/UDMIS6TG_60_N60_W1.0_R0.2.qubo.json,UDMIS6TG,UDMIS,60,0.192662000656128,True,./run_logs/dwave/embeddings/UDMIS6TG.emb.json
./instances/QUBO/UDMIS010EXT_36_N36_W1.0_R0.2.qubo.json,UDMIS010EXT,UDMIS,36,0.0381648540496826,True,./run_logs/dwave/embeddings/UDMIS010EXT.emb.json
./instances/QUBO/UDMIS050EXT_40_N40_W1.0_R0.2.qubo.json,UDMIS050EXT,UDMIS,40,0.0649890899658203,True,./run_logs/dwave/embeddings/UDMIS050EXT.emb.json
./instances/QUBO/UDMIS4TG_15_N15_W1.0_R0.2.qubo.json,UDMIS4TG,UDMIS,15,0.0146043300628662,True,./run_logs/dwave/embeddings/UDMIS4TG.emb.json
./instances/QUBO/UDMIS030EXT_90_N90_W1.0_R0.1.qubo.json,UDMIS030EXT,UDMIS,90,0.0800983905792236,True,./run_logs/dwave/embeddings/UDMIS030EXT.emb.json
./instances/QUBO/UDMIS095EXT_70_N70_W1.0_R0.2.qubo.json,UDMIS095EXT,UDMIS,70,0.173998117446899,True,./run_logs/dwave/embeddings/UDMIS095EXT.emb.json
./instances/QUBO/UDMIS084EXT_36_N36_W1.0_R0.3.qubo.json,UDMIS084EXT,UDMIS,36,0.0782675743103027,True,./run_logs/dwave/embeddings/UDMIS084EXT.emb.json
./instances/QUBO/UDMIS090EXT_49_N49_W1.0_R0.2.qubo.json,UDMIS090EXT,UDMIS,49,0.125994920730591,True,./run_logs/dwave/embeddings/UDMIS090EXT.emb.json
./instances/QUBO/UDMIS003EXT_15_N15_W1.0_R0.2.qubo.json,UDMIS003EXT,UDMIS,15,0.0172717571258545,True,./run_logs/dwave/embeddings/UDMIS003EXT.emb.json
./instances/QUBO/UDMIS074EXT_15_N15_W1.0_R0.4.qubo.json,UDMIS074EXT,UDMIS,15,0.0291545391082764,True,./run_logs/dwave/embeddings/UDMIS074EXT.emb.json
./instances/QUBO/UDMIS017EXT_49_N49_W1.0_R0.2.qubo.json,UDMIS017EXT,UDMIS,49,0.0494894981384277,True,./run_logs/dwave/embeddings/UDMIS017EXT.emb.json
./instances/QUBO/UDMIS105EXT_100_N100_W1.0_R0.2.qubo.json,UDMIS105EXT,UDMIS,100,0.591748714447022,True,./run_logs/dwave/embeddings/UDMIS105EXT.emb.json
./instances/QUBO/UDMIS006EXT_25_N25_W1.0_R0.2.qubo.json,UDMIS006EXT,UDMIS,25,0.0270583629608154,True,./run_logs/dwave/embeddings/UDMIS006EXT.emb.json
./instances/QUBO/UDMIS031EXT_100_N100_W1.0_R0.1.qubo.json,UDMIS031EXT,UDMIS,100,0.114408254623413,True,./run_logs/dwave/embeddings/UDMIS031EXT.emb.json
./instances/QUBO/UDMIS061EXT_80_N80_W1.0_R0.1.qubo.json,UDMIS061EXT,UDMIS,80,0.37932276725769,True,./run_logs/dwave/embeddings/UDMIS061EXT.emb.json
./instances/QUBO/UDMIS102EXT_90_N90_W1.0_R0.2.qubo.json,UDMIS102EXT,UDMIS,90,0.393091917037964,True,./run_logs/dwave/embeddings/UDMIS102EXT.emb.json
./instances/QUBO/UDMIS076EXT_25_N25_W1.0_R0.3.qubo.json,UDMIS076EXT,UDMIS,25,0.057208776473999,True,./run_logs/dwave/embeddings/UDMIS076EXT.emb.json
./instances/QUBO/UDMIS071EXT_120_N120_W1.0_R0.1.qubo.json,UDMIS071EXT,UDMIS,120,0.460299015045166,True,./run_logs/dwave/embeddings/UDMIS071EXT.emb.json
